8705,99,3119,0,984,985,0,05/25/2024 18:11:34,06/04/2024 23:52:39,12
5512,99,213.27272,305.55554,169,170,20,06/04/2024 10:52:11,06/04/2024 23:52:39,20
5522,99,309.3846,491.7143,400,850,20,06/04/2024 20:35:32,06/04/2024 23:52:39,20
5491,99,196.2,0,173,0,20,06/04/2024 07:17:36,06/04/2024 23:52:39,14
5518,99,192.25,0,498,0,20,06/04/2024 15:29:27,06/04/2024 23:52:39,9
7,99,75.55,0,75,0,20,06/04/2024 23:26:46,06/04/2024 23:52:39,20
5523,99,236.35,0,250,0,20,06/04/2024 15:39:58,06/04/2024 23:52:39,20
5105,99,1047.6,0,3,0,20,06/04/2024 05:00:38,06/04/2024 23:52:39,20
5533,99,1,0,1,0,7,06/04/2024 19:19:45,06/04/2024 23:52:39,20
8149,99,731.55,0,1198,0,20,06/04/2024 16:30:19,06/04/2024 23:52:39,20
16,99,140.85,0,150,0,20,06/04/2024 18:01:39,06/04/2024 23:52:39,20
14,99,140.4,0,149,0,20,06/04/2024 16:25:48,06/04/2024 23:52:39,20
13263,99,1141367.5,16999,20000,30000,2,06/03/2024 11:48:41,06/04/2024 23:52:39,20
12610,99,1923.6,2432.8,1999,2999,20,06/04/2024 18:44:44,06/04/2024 23:52:39,10
5274,99,220.45,0,200,0,20,06/04/2024 16:30:04,06/04/2024 23:52:39,10
13,99,49,0,45,0,20,06/04/2024 20:54:04,06/04/2024 23:52:39,20
5064,99,1281.4166,1144.75,2000,3000,20,06/04/2024 20:40:17,06/04/2024 23:52:39,20
5113,99,233.4,0,150,0,20,06/04/2024 17:41:03,06/04/2024 23:52:39,11
4,99,67.95,0,74,0,20,06/04/2024 18:03:49,06/04/2024 23:52:39,20
2,99,67.05,0,64,0,20,06/04/2024 22:31:52,06/04/2024 23:52:39,20
8564,99,95000,106438.28,168000,129990,20,06/04/2024 21:47:57,06/04/2024 23:52:39,7
5061,99,1680.1428,1918.3334,1900,1993,20,06/04/2024 17:07:22,06/04/2024 23:52:39,20
5121,99,424.45,0,499,0,20,06/04/2024 17:56:29,06/04/2024 23:52:39,20
8,99,54.25,0,62,0,20,06/04/2024 20:54:44,06/04/2024 23:52:39,20
8028,99,37911.85,0,49900,0,15,06/04/2024 15:41:07,06/04/2024 23:52:39,20
10,99,62.6,0,66,0,20,06/04/2024 20:35:37,06/04/2024 23:52:39,20
2668,99,12012.637,9468.667,1000000,0,6,06/02/2024 21:14:25,06/04/2024 23:52:39,1
5063,99,87.25,60.25,199,200,20,06/04/2024 20:39:06,06/04/2024 23:52:39,8
5106,99,167.55,0,150,0,20,06/04/2024 19:20:46,06/04/2024 23:52:39,20
5110,99,43.35,0,25,0,20,06/04/2024 20:36:36,06/04/2024 23:52:39,9
2728,99,3075.7856,6419.8335,30000000,385000,9,06/04/2024 13:15:37,06/04/2024 23:52:39,2
2774,99,27334.334,29138.363,0,0,5,06/03/2024 23:28:34,06/04/2024 23:52:39,0
5065,99,412.5,615.625,649,600,20,06/04/2024 21:59:10,06/04/2024 23:52:39,14
5114,99,393.6,0,1000,0,20,06/04/2024 19:21:41,06/04/2024 23:52:39,2
7504,99,764.2,637.5333,999,1000,8,06/02/2024 10:03:52,06/04/2024 23:52:39,11
7807,99,1937.6666,1748.625,1302,1303,20,06/03/2024 10:56:50,06/04/2024 23:52:39,20
7806,99,281.55,0,150,0,12,06/04/2024 17:23:58,06/04/2024 23:52:39,20
6153,99,131.45,0,179,0,20,06/01/2024 18:30:12,06/04/2024 23:52:39,13
19,99,136.1,0,129,0,20,06/04/2024 10:24:12,06/04/2024 23:52:39,20
18,99,148.05,0,149,0,20,06/04/2024 21:01:18,06/04/2024 23:52:39,20
5069,99,23.3,28.4,8,8,20,06/04/2024 20:37:05,06/04/2024 23:52:39,20
7598,99,768,0,240,0,2,05/31/2024 21:32:55,06/04/2024 23:52:39,20
7589,99,216.7,0,29,0,1,06/01/2024 15:33:37,06/04/2024 23:52:39,17
5118,99,143.1,0,100,0,20,06/04/2024 18:00:30,06/04/2024 23:52:39,20
5068,99,1104.7778,1904.8182,800,2300,20,06/04/2024 22:06:33,06/04/2024 23:52:39,20
9297,99,35043.895,35000,33000,42993,5,06/04/2024 11:24:32,06/04/2024 23:52:39,9
5059,99,815,950.2143,399,420,20,06/04/2024 21:59:29,06/04/2024 23:52:41,20
5116,99,272.3,0,193,0,20,06/04/2024 19:43:47,06/04/2024 23:52:41,20
5111,99,108,0,238,0,20,06/04/2024 21:53:14,06/04/2024 23:52:41,9
40364,99,47338.4,0,59999,0,20,06/04/2024 15:14:39,06/04/2024 23:52:41,8
27674,99,2322.4,2889.6,0,3499,1,06/01/2024 15:46:55,06/04/2024 23:52:41,2
19925,99,462,966.75,395,4999,20,06/04/2024 20:45:33,06/04/2024 23:52:45,19
19930,99,146.5,0,480,0,20,06/04/2024 19:07:22,06/04/2024 23:52:45,6
18036,99,0,26012.1,0,39500,3,05/31/2024 21:19:21,06/04/2024 23:52:45,6
19993,99,872.95,0,999,1000,20,06/04/2024 06:52:40,06/04/2024 23:52:45,9
19999,99,95.65,0,97,0,20,06/04/2024 20:14:40,06/04/2024 23:52:45,20
19910,99,264.55,0,189,0,20,06/04/2024 11:10:25,06/04/2024 23:52:45,17
11,99,48.3,0,60,0,20,06/04/2024 17:05:37,06/04/2024 23:52:45,20
19939,99,550.4667,831.2,398,850,20,06/04/2024 20:23:09,06/04/2024 23:52:45,20
19950,99,1297.4,0,500,0,20,06/03/2024 15:23:31,06/04/2024 23:52:45,20
5507,99,3877.3333,9250,5003,6000,20,06/04/2024 20:47:10,06/04/2024 23:52:45,11
12636,99,446.85,0,1000,0,20,06/04/2024 20:51:30,06/04/2024 23:52:45,7
5553,99,280.35,0,500,0,20,06/04/2024 15:43:01,06/04/2024 23:52:45,6
12629,99,754.45,0,600,0,20,06/04/2024 13:40:34,06/04/2024 23:52:45,11
9,99,45.75,0,45,0,20,06/04/2024 14:18:24,06/04/2024 23:52:45,20
18085,99,0,37244.3,0,0,0,05/28/2024 20:23:38,06/04/2024 23:52:45,0
19919,99,44.5,0,25,0,20,06/04/2024 17:51:59,06/04/2024 23:52:45,17
19516,99,1818.3125,30949,1398,29000,2,06/02/2024 10:56:07,06/04/2024 23:52:45,12
18041,99,0,39704.8,0,40600,1,05/29/2024 04:57:55,06/04/2024 23:52:45,7
19938,99,941.93335,1295.8,2000,1699,20,06/04/2024 22:20:08,06/04/2024 23:52:45,6
19904,99,212.82353,351,400,3905,20,06/04/2024 19:44:06,06/04/2024 23:52:45,13
19847,99,600.05,0,0,0,0,05/28/2024 12:00:01,06/04/2024 23:52:45,0
19922,99,67.75,0,34,0,20,06/04/2024 07:46:46,06/04/2024 23:52:45,20
12891,99,146,0,547,0,8,06/02/2024 12:34:59,06/04/2024 23:52:45,18
12566,99,666.5263,640,729,979,20,06/04/2024 18:16:45,06/04/2024 23:52:45,20
12572,99,489.3,0,497,0,20,06/03/2024 17:52:03,06/04/2024 23:52:45,10
12578,99,283.15,0,291,0,20,06/04/2024 20:14:22,06/04/2024 23:52:45,13
12544,99,31,18,15,16,20,06/04/2024 18:50:08,06/04/2024 23:52:45,20
5262,99,663.3333,901.9091,643,1500,20,06/04/2024 20:42:06,06/04/2024 23:52:45,16
5263,99,188.15,0,163,0,20,06/04/2024 15:06:24,06/04/2024 23:52:45,20
12554,99,236.7,0,98,0,4,06/01/2024 00:56:40,06/04/2024 23:52:45,20
18037,99,13000,28573.053,0,39500,0,05/26/2024 16:18:50,06/04/2024 23:52:45,8
12596,99,667.8182,2731.111,999,2000,20,06/04/2024 12:15:24,06/04/2024 23:52:45,8
12600,99,164.35,0,100,0,20,06/04/2024 11:41:47,06/04/2024 23:52:45,20
5350,99,939.3,0,875,0,20,06/04/2024 07:34:48,06/04/2024 23:52:45,20
12,99,53.8,0,53,0,20,06/04/2024 17:05:48,06/04/2024 23:52:45,20
18079,99,0,23961.85,0,39500,3,06/01/2024 18:51:02,06/04/2024 23:52:45,3
19926,99,567.3571,601.8333,377,3000,20,06/04/2024 05:35:39,06/04/2024 23:52:45,20
19931,99,178.85,0,175,0,20,06/04/2024 18:56:51,06/04/2024 23:52:45,16
19520,99,3995.1,27058.8,2428,42000,2,05/29/2024 17:37:30,06/04/2024 23:52:45,7
19941,99,171.3125,1713.5,150,3000,20,06/04/2024 20:47:59,06/04/2024 23:52:45,20
19951,99,532.05,0,356,0,20,06/04/2024 03:51:09,06/04/2024 23:52:45,8
5232,99,93.3,0,73,0,20,06/04/2024 20:46:39,06/04/2024 23:52:45,12
19522,99,5164.25,21853,4400,30000,4,06/03/2024 16:23:53,06/04/2024 23:52:45,10
18197,99,0,20796.5,0,15000,1,05/30/2024 12:18:34,06/04/2024 23:52:45,6
19940,99,308.2143,331.83334,270,269,20,06/04/2024 16:22:23,06/04/2024 23:52:45,20
18193,99,2500,11070,0,6665,1,06/02/2024 15:24:50,06/04/2024 23:52:45,10
19978,99,246.16667,203.375,89,89,20,06/04/2024 17:49:42,06/04/2024 23:52:45,18
19979,99,287.55,0,280,0,20,06/04/2024 16:35:19,06/04/2024 23:52:45,8
18192,99,0,17502.95,0,7500,2,06/02/2024 03:54:44,06/04/2024 23:52:45,11
19728,99,28999,28730.475,0,30000,9,06/04/2024 22:01:03,06/04/2024 23:52:48,3
7017,99,2560.182,1889,998,998,20,06/04/2024 19:52:06,06/04/2024 23:52:48,20
5485,99,649.25,750.125,725,800,20,06/04/2024 18:10:20,06/04/2024 23:52:48,10
5346,99,246.55,0,248,0,20,06/04/2024 18:43:54,06/04/2024 23:52:48,20
5143,99,329.85,0,448,0,20,06/04/2024 16:58:15,06/04/2024 23:52:48,12
5728,99,517,0,321,0,20,06/04/2024 12:09:42,06/04/2024 23:52:48,20
19729,99,0,33225.7,0,32885,7,06/04/2024 22:01:21,06/04/2024 23:52:48,8
19730,99,0,23224.9,42998,17884,6,06/04/2024 22:01:37,06/04/2024 23:52:48,10
19731,99,0,30437.25,0,29400,10,06/04/2024 22:01:56,06/04/2024 23:52:48,14
5372,99,869.2353,733,894,895,20,06/04/2024 18:23:19,06/04/2024 23:52:48,18
5389,99,390.6,0,169,0,9,06/03/2024 13:52:40,06/04/2024 23:52:48,14
18353,99,0,42675.65,0,35990,2,06/02/2024 23:54:21,06/04/2024 23:52:48,9
19980,99,2399.625,3683.3333,2400,3800,20,06/04/2024 15:41:54,06/04/2024 23:52:48,20
19981,99,350.88235,291.66666,475,487,20,06/04/2024 10:43:34,06/04/2024 23:52:48,20
19982,99,319.9,0,2,0,14,05/29/2024 23:44:54,06/04/2024 23:52:48,18
12944,99,84.5,0,118,0,20,06/04/2024 18:41:00,06/04/2024 23:52:48,14
18348,99,5885,8074.9473,0,10000,1,05/29/2024 06:23:55,06/04/2024 23:52:48,7
19994,99,1123.3077,1633.8572,699,744,20,06/04/2024 10:13:25,06/04/2024 23:52:48,20
20000,99,161.9,0,64,0,20,06/04/2024 17:05:12,06/04/2024 23:52:48,20
19943,99,1060.7646,1432.6666,1100,1999,20,06/04/2024 18:19:14,06/04/2024 23:52:48,20
19953,99,344.7,0,358,0,20,06/04/2024 17:11:19,06/04/2024 23:52:48,14
19942,99,2022.5,3150,2497,2300,20,06/04/2024 21:49:22,06/04/2024 23:52:48,11
19952,99,236.95,0,192,0,16,06/04/2024 05:52:55,06/04/2024 23:52:48,16
19906,99,1274.3125,2324.5,1000,1500,20,06/04/2024 20:54:29,06/04/2024 23:52:48,12
19924,99,55.15,0,62,0,20,06/04/2024 07:47:02,06/04/2024 23:52:48,20
19908,99,189.5,0,194,0,12,06/04/2024 07:46:53,06/04/2024 23:52:48,20
18349,99,0,16585.7,0,19999,7,06/03/2024 13:52:00,06/04/2024 23:52:48,8
19977,99,1856.7778,2961,1749,1700,20,06/04/2024 08:53:33,06/04/2024 23:52:48,10
19537,99,1183,36499.5,999,32900,4,06/04/2024 22:51:27,06/04/2024 23:52:48,14
19541,99,0,40309.65,0,43000,0,05/21/2024 14:03:50,06/04/2024 23:52:48,1
20007,99,234.3,0,100,0,20,06/04/2024 08:39:34,06/04/2024 23:52:48,1
19543,99,0,38774.9,0,43000,0,05/26/2024 11:15:40,06/04/2024 23:52:48,1
19927,99,467.94446,525,249,1010,20,06/04/2024 05:09:35,06/04/2024 23:52:48,20
19932,99,84.3,0,45,0,20,06/03/2024 18:51:58,06/04/2024 23:52:48,20
18504,99,0,18403.75,0,20000,9,06/01/2024 01:58:17,06/04/2024 23:52:48,10
19995,99,3216.842,5000,2000,5499,20,06/04/2024 18:13:58,06/04/2024 23:52:48,17
20001,99,201.35,0,189,0,20,06/04/2024 15:53:37,06/04/2024 23:52:48,20
19945,99,1199.2,0,1194,2000,20,06/04/2024 20:53:56,06/04/2024 23:52:48,20
19955,99,364.65,0,386,0,17,06/04/2024 09:01:37,06/04/2024 23:52:48,19
18505,99,0,17807.9,0,9999,7,06/03/2024 22:11:56,06/04/2024 23:52:48,9
19984,99,880.3158,1900,900,950,20,06/04/2024 21:49:14,06/04/2024 23:52:48,20
19985,99,126.85,0,68,0,20,06/04/2024 19:53:12,06/04/2024 23:52:48,20
19986,99,131.05,0,40,0,20,06/04/2024 13:09:52,06/04/2024 23:52:48,20
19944,99,78.22222,218.90909,50,2000,20,06/04/2024 19:24:44,06/04/2024 23:52:48,20
19954,99,80.55,0,103,0,18,06/04/2024 18:50:29,06/04/2024 23:52:48,8
18509,99,0,20843.35,0,7000,2,06/04/2024 06:10:29,06/04/2024 23:52:48,13
19905,99,288.9375,698,120,14999,9,06/04/2024 07:54:06,06/04/2024 23:52:48,16
19909,99,493.625,864,696,693,20,06/03/2024 20:40:46,06/04/2024 23:52:48,12
19869,99,271.95,0,298,0,11,06/03/2024 14:21:24,06/04/2024 23:52:48,7
19872,99,415,0,4,0,20,06/03/2024 22:33:17,06/04/2024 23:52:48,3
19916,99,1174.75,0,875,0,5,06/03/2024 15:05:35,06/04/2024 23:52:49,5
20010,99,555.25,0,999,0,3,06/02/2024 16:35:00,06/04/2024 23:52:49,2
19558,99,11117.714,38410.332,9000,30000,3,06/04/2024 08:57:19,06/04/2024 23:52:49,10
19920,99,2.25,0,1,0,4,06/02/2024 14:45:53,06/04/2024 23:52:49,20
19741,99,12607,34407.332,0,25000,0,05/27/2024 19:45:30,06/04/2024 23:52:49,6
19740,99,29995,27777.422,0,8241,0,05/27/2024 19:47:03,06/04/2024 23:52:49,7
19739,99,15217.667,30999.47,0,29242,0,05/17/2024 15:26:29,06/04/2024 23:52:49,2
19562,99,5731.077,31062.143,1000,20000,3,06/02/2024 15:37:52,06/04/2024 23:52:49,17
19564,99,4906.5835,32172.375,4800,43000,6,06/04/2024 18:52:37,06/04/2024 23:52:49,8
19738,99,19995,33312.156,0,30000,0,05/11/2024 00:14:18,06/04/2024 23:52:49,3
18665,99,0,14283.9,0,7271,0,05/27/2024 19:59:00,06/04/2024 23:52:49,8
19967,99,4073,5238,0,4000,20,06/04/2024 07:58:49,06/04/2024 23:52:49,8
19973,99,835.9,0,550,0,20,06/02/2024 22:52:34,06/04/2024 23:52:49,19
19946,99,2258.611,2300,3399,3659,20,06/04/2024 17:48:44,06/04/2024 23:52:49,20
19956,99,286.6,0,170,0,19,06/04/2024 08:58:54,06/04/2024 23:52:49,11
5115,99,354,0,488,0,20,06/04/2024 15:17:09,06/04/2024 23:52:49,20
19928,99,1060.9286,1155.5,1386,1647,20,06/04/2024 15:19:42,06/04/2024 23:52:49,10
19933,99,378.7,0,399,0,20,06/04/2024 05:11:57,06/04/2024 23:52:49,14
18661,99,0,16686.3,0,7000,2,06/01/2024 14:15:13,06/04/2024 23:52:49,12
19983,99,3440.6843,3350,3400,7000,20,06/04/2024 22:00:36,06/04/2024 23:52:49,20
18660,99,0,31853.25,0,18671,7,06/04/2024 15:42:27,06/04/2024 23:52:49,6
19996,99,595.35297,1461.6666,499,2992,20,06/04/2024 17:29:05,06/04/2024 23:52:49,20
20002,99,240,0,199,0,20,06/04/2024 17:09:55,06/04/2024 23:52:49,4
19947,99,1674.1875,3330.5,2000,2400,20,06/04/2024 20:53:47,06/04/2024 23:52:49,20
19957,99,163.3,0,150,0,20,06/04/2024 14:29:04,06/04/2024 23:52:49,19
19748,99,15000,31863.37,0,39500,3,06/01/2024 14:49:27,06/04/2024 23:52:49,1
19749,99,22500,31830.5,0,29985,0,05/28/2024 19:18:49,06/04/2024 23:52:49,2
19988,99,197.46153,220.42857,187,2000,20,06/04/2024 22:36:34,06/04/2024 23:52:49,20
19989,99,140.05,0,199,0,20,06/02/2024 14:41:36,06/04/2024 23:52:49,9
19750,99,15000,56432.844,0,48000,1,06/02/2024 22:55:13,06/04/2024 23:52:49,1
19751,99,4999,40916.527,0,29998,4,06/01/2024 21:38:27,06/04/2024 23:52:49,4
19579,99,0,38941.4,0,0,0,05/21/2024 16:03:42,06/04/2024 23:52:49,0
19585,99,12497,30424.111,0,20000,1,05/31/2024 07:35:53,06/04/2024 23:52:49,4
19583,99,8888,35315.74,0,1E+09,1,06/02/2024 15:00:59,06/04/2024 23:52:49,1
20011,99,793.05,0,1397,0,8,06/03/2024 19:56:55,06/04/2024 23:52:49,7
18033,99,30000,42636.79,0,0,2,06/02/2024 03:32:13,06/04/2024 23:52:49,0
12564,99,2014,4670.4287,1475,1494,20,06/04/2024 20:45:38,06/04/2024 23:52:49,20
12570,99,503.7,0,449,0,20,06/04/2024 16:56:24,06/04/2024 23:52:49,16
19507,99,0,43793.8,0,0,0,05/20/2024 17:26:40,06/04/2024 23:52:49,0
19506,99,20666.666,41628.707,0,0,3,06/02/2024 15:06:54,06/04/2024 23:52:49,0
19510,99,28100,43266.562,0,0,0,05/20/2024 17:27:15,06/04/2024 23:52:49,0
19514,99,0,43229.15,0,81990,0,05/28/2024 20:26:46,06/04/2024 23:52:49,2
19515,99,25000,39052.316,0,0,0,05/20/2024 08:35:02,06/04/2024 23:52:49,0
19508,99,15633,33940.234,0,0,2,05/30/2024 22:26:45,06/04/2024 23:52:49,0
19509,99,12333,34653.824,0,0,3,06/01/2024 09:41:15,06/04/2024 23:52:49,0
27358,99,17508.8,19066.334,30000,9999,4,06/02/2024 13:21:57,06/04/2024 23:52:49,2
20008,99,420.66666,1435.5,752,0,20,06/04/2024 15:40:52,06/04/2024 23:52:49,16
18046,99,0,28258.65,0,43000,6,06/03/2024 21:50:28,06/04/2024 23:52:49,5
12561,99,1016.1,1615.4,1001,0,20,06/04/2024 11:58:39,06/04/2024 23:52:49,2
12539,99,248.25,0,199,0,20,06/04/2024 15:15:40,06/04/2024 23:52:49,14
18040,99,0,33818.05,0,79000,3,06/03/2024 09:55:24,06/04/2024 23:52:50,4
12611,99,206.5,202.5,0,0,7,06/02/2024 15:38:38,06/04/2024 23:52:50,0
5521,99,241.2,0,99,0,4,06/03/2024 03:58:43,06/04/2024 23:52:50,18
5527,99,263.1,0,259,0,20,06/04/2024 10:33:28,06/04/2024 23:52:50,11
5390,99,186.65,0,263,0,20,06/03/2024 23:48:50,06/04/2024 23:52:50,9
18039,99,0,17635.05,0,28570,4,06/03/2024 01:53:51,06/04/2024 23:52:50,3
12524,99,1888.8667,1909.2,1690,2000,20,06/04/2024 20:17:52,06/04/2024 23:52:50,20
12537,99,339.3,0,299,0,20,06/04/2024 15:37:46,06/04/2024 23:52:50,20
5526,99,430.25,0,20,0,20,06/04/2024 16:23:22,06/04/2024 23:52:50,20
18038,99,0,15946.8,0,19000,6,06/03/2024 15:07:55,06/04/2024 23:52:50,3
18035,99,0,29965,0,78601,2,05/30/2024 10:54:45,06/04/2024 23:52:50,1
18034,99,546,19628.79,0,35000,3,06/02/2024 20:31:29,06/04/2024 23:52:50,3
12592,99,552.25,675.125,554,584,20,06/04/2024 14:20:30,06/04/2024 23:52:50,20
12599,99,324.35,0,375,0,6,06/03/2024 23:42:41,06/04/2024 23:52:50,11
5347,99,471.85,0,300,0,20,06/04/2024 18:20:15,06/04/2024 23:52:50,11
5185,99,788.4,1360.2,750,999,15,06/04/2024 13:18:02,06/04/2024 23:52:50,16
5144,99,285.25,0,124,0,4,06/02/2024 13:45:18,06/04/2024 23:52:50,20
27357,99,57386.5,100693.94,0,69999,7,06/04/2024 02:34:08,06/04/2024 23:52:50,5
19526,99,8821.462,41856.145,4000,43000,1,06/01/2024 15:24:31,06/04/2024 23:52:50,4
19524,99,1893.1538,29038.857,1128,0,1,06/03/2024 07:32:56,06/04/2024 23:52:50,11
19523,99,4004,41999.668,15000,40000,1,06/01/2024 07:16:45,06/04/2024 23:52:50,2
19521,99,1294.6666,37609.75,2000,0,0,05/20/2024 17:27:12,06/04/2024 23:52:50,3
19974,99,1598.9,1649.4,1700,2200,20,06/04/2024 20:22:09,06/04/2024 23:52:50,11
19975,99,385.42856,453.16666,1,1000,20,06/04/2024 16:23:04,06/04/2024 23:52:50,20
19976,99,391.6,0,296,0,13,06/03/2024 10:19:57,06/04/2024 23:52:50,2
19519,99,4575.857,40332.832,2800,43000,3,06/01/2024 23:58:02,06/04/2024 23:52:50,10
19517,99,2426.8125,27372.25,7777,27777,2,06/04/2024 10:33:23,06/04/2024 23:52:50,3
19525,99,3524.3635,40221.777,3326,43000,5,06/04/2024 20:48:43,06/04/2024 23:52:50,8
19518,99,6170.8335,39874.375,13999,42000,2,06/01/2024 07:16:24,06/04/2024 23:52:50,5
27362,99,0,2184.5,0,1990,0,05/27/2024 11:38:41,06/04/2024 23:52:50,13
27361,99,0,2339.5,0,600,2,06/02/2024 13:34:29,06/04/2024 23:52:50,16
18189,99,0,10771.35,0,2098,0,05/25/2024 20:01:16,06/04/2024 23:52:50,8
18190,99,0,2809.65,0,2499,1,05/30/2024 18:59:34,06/04/2024 23:52:50,8
19964,99,105.71429,431.07693,6,4000,20,06/04/2024 07:53:10,06/04/2024 23:52:50,8
19970,99,85.7,0,50,0,7,06/02/2024 09:38:47,06/04/2024 23:52:50,19
18191,99,0,5093.15,0,10000,1,06/02/2024 19:15:15,06/04/2024 23:52:50,8
18202,99,0,8824.1,0,7624,2,06/01/2024 07:30:11,06/04/2024 23:52:50,4
18196,99,0,29036.7,0,35621,3,06/02/2024 17:02:56,06/04/2024 23:52:50,5
18195,99,0,13767.05,0,19999,5,06/02/2024 12:17:34,06/04/2024 23:52:50,6
18194,99,0,34667.8,0,60000,2,06/01/2024 19:36:47,06/04/2024 23:52:50,6
19536,99,2390.611,42750,4443,42998,2,06/02/2024 06:47:30,06/04/2024 23:52:50,12
19535,99,6954.75,41124.75,49000,0,0,05/28/2024 10:27:12,06/04/2024 23:52:50,1
19531,99,2588.2942,39831.668,1200,0,0,05/04/2024 20:38:34,06/04/2024 23:52:50,8
27366,99,1584,2968.5789,0,643,0,05/27/2024 17:19:57,06/04/2024 23:52:50,20
19529,99,10578.615,40367.57,3799,43000,2,06/02/2024 18:51:15,06/04/2024 23:52:50,10
19528,99,1404.1052,43000,771,19000,0,05/27/2024 18:45:07,06/04/2024 23:52:50,15
27365,99,0,1162.7,0,3643,6,06/03/2024 12:06:05,06/04/2024 23:52:50,7
18347,99,0,34018.35,0,28642,1,05/30/2024 21:47:05,06/04/2024 23:52:50,1
18346,99,0,2571.25,0,1400,0,05/26/2024 20:21:21,06/04/2024 23:52:50,9
18345,99,10390,28804.475,0,0,2,05/30/2024 14:58:27,06/04/2024 23:52:50,0
19527,99,1192.4117,14000,795,20000,0,05/28/2024 23:16:16,06/04/2024 23:52:51,13
19530,99,1525.1333,32793.8,450,41999,1,05/31/2024 17:45:07,06/04/2024 23:52:51,19
12549,99,4141.143,4841,3000,4999,13,06/04/2024 07:35:15,06/04/2024 23:52:51,3
12559,99,143.75,0,48,0,2,05/29/2024 20:00:00,06/04/2024 23:52:51,12
5261,99,280.25,0,271,0,20,06/04/2024 18:56:57,06/04/2024 23:52:51,20
18351,99,0,3920.55,0,11900,1,05/30/2024 13:46:53,06/04/2024 23:52:51,8
18350,99,0,21318.55,0,8000,1,05/29/2024 13:28:56,06/04/2024 23:52:51,9
19546,99,24995,32162.525,0,43000,0,04/29/2024 22:44:27,06/04/2024 23:52:51,1
19545,99,30000,43083.367,0,43000,3,06/04/2024 14:27:15,06/04/2024 23:52:51,2
19544,99,12665,30885.53,0,81990,0,05/28/2024 14:49:03,06/04/2024 23:52:51,2
19542,99,19995,27875,0,25555,0,04/11/2024 12:43:02,06/04/2024 23:52:51,1
19540,99,10000,36057.633,0,44999,0,04/18/2024 16:04:51,06/04/2024 23:52:51,3
19539,99,28248.25,38171.812,0,60000,1,05/30/2024 07:11:03,06/04/2024 23:52:51,1
19538,99,0,40568.75,0,0,1,05/30/2024 01:52:23,06/04/2024 23:52:51,0
18358,99,0,3578.45,0,1643,0,05/27/2024 22:19:15,06/04/2024 23:52:51,14
19547,99,9275,29999.723,0,43000,0,04/23/2024 18:18:05,06/04/2024 23:52:51,1
18352,99,0,2098.4,0,600,0,05/22/2024 20:14:21,06/04/2024 23:52:51,9
18501,99,9995,8146.7896,0,5499,1,05/31/2024 22:38:24,06/04/2024 23:52:51,8
19551,99,17995,27605.053,0,40577,0,05/26/2024 09:34:33,06/04/2024 23:52:51,2
12546,99,1598,1193,1490,47000,16,06/04/2024 15:06:39,06/04/2024 23:52:51,7
12556,99,241.1,0,170,0,6,06/02/2024 15:31:17,06/04/2024 23:52:51,7
19550,99,13247.5,23862,22524,34999,0,04/18/2024 16:04:45,06/04/2024 23:52:51,2
19549,99,19997.5,33666.945,0,30998,0,05/01/2024 13:38:40,06/04/2024 23:52:51,4
19548,99,25262,61020.445,0,67000,2,05/30/2024 21:37:53,06/04/2024 23:52:51,1
19557,99,29995,39108.473,0,35577,2,05/30/2024 23:58:00,06/04/2024 23:52:51,4
5358,99,42.6,0,29,0,6,06/03/2024 04:44:43,06/04/2024 23:52:51,20
19552,99,29995,44263.105,0,0,0,05/23/2024 14:48:40,06/04/2024 23:52:51,0
19556,99,29995,45874.316,0,0,0,05/24/2024 21:35:27,06/04/2024 23:52:51,0
5360,99,283.25,0,150,0,20,06/04/2024 20:38:18,06/04/2024 23:52:51,16
27369,99,0,2005.7,0,2221,5,06/03/2024 05:58:46,06/04/2024 23:52:51,11
27370,99,0,2549.4,90000,1589,3,05/30/2024 19:07:18,06/04/2024 23:52:51,17
18503,99,0,28720.45,0,17000,3,06/03/2024 17:23:16,06/04/2024 23:52:51,5
18502,99,0,3061.8,0,2300,1,05/30/2024 00:25:04,06/04/2024 23:52:51,6
19567,99,2273.5,26203.5,414,22999,0,05/27/2024 08:45:26,06/04/2024 23:52:51,16
19561,99,579,16500,899,4900,0,05/13/2024 12:09:10,06/04/2024 23:52:51,16
19560,99,1860.5454,33111,1198,43000,1,06/02/2024 20:35:11,06/04/2024 23:52:51,12
19559,99,2606.8125,17061.25,400,9973,0,05/24/2024 14:21:17,06/04/2024 23:52:51,13
19568,99,3571.5881,31559.334,950,24999,0,05/23/2024 00:06:15,06/04/2024 23:52:51,14
19566,99,4150.5884,22203.666,445,20000,0,05/21/2024 13:28:42,06/04/2024 23:52:51,14
19565,99,7595.3335,44008.375,3000,43000,0,05/28/2024 15:28:05,06/04/2024 23:52:51,8
19563,99,566.9474,40000,625,15000,0,05/19/2024 22:03:29,06/04/2024 23:52:51,15
18506,99,0,1769.3,0,4000,3,06/02/2024 10:47:13,06/04/2024 23:52:51,5
18507,99,0,6708,0,12997,1,05/29/2024 00:25:46,06/04/2024 23:52:51,9
18508,99,0,27917.2,0,10000,0,05/26/2024 12:14:07,06/04/2024 23:52:51,9
18514,99,0,18073.55,0,11500,4,05/31/2024 19:49:55,06/04/2024 23:52:51,10
18664,99,9995,18808.525,0,24000,2,06/03/2024 18:03:09,06/04/2024 23:52:51,10
18670,99,0,11989.5,0,12000,1,05/31/2024 19:28:43,06/04/2024 23:52:51,2
27374,99,0,2466.3,0,8500,7,06/01/2024 23:46:05,06/04/2024 23:52:51,11
12520,99,2818.125,3198.5,2100,2200,20,06/04/2024 12:41:43,06/04/2024 23:52:51,12
12532,99,669.55,0,340,0,20,06/04/2024 04:10:22,06/04/2024 23:52:51,20
18663,99,0,7940.65,0,21671,5,05/31/2024 17:59:00,06/04/2024 23:52:51,3
18662,99,0,11049.25,0,14671,3,06/02/2024 12:51:08,06/04/2024 23:52:51,4
19997,99,1721.2,2200,1999,2100,20,06/04/2024 22:02:22,06/04/2024 23:52:51,12
20003,99,425.15,0,1297,0,20,06/03/2024 13:56:59,06/04/2024 23:52:51,16
27373,99,0,2976.15,0,9999,9,06/03/2024 14:00:15,06/04/2024 23:52:51,5
18659,99,0,7185.65,0,4999,5,06/01/2024 10:18:11,06/04/2024 23:52:51,7
18657,99,0,24663.65,0,20000,5,06/04/2024 08:31:44,06/04/2024 23:52:51,4
18658,99,1999,2111.4736,0,4500,0,05/01/2024 23:06:45,06/04/2024 23:52:51,7
19569,99,39998.5,54161.688,0,55000,0,05/27/2024 17:57:10,06/04/2024 23:52:51,1
19578,99,29995,73894.266,0,68420,1,05/29/2024 19:41:55,06/04/2024 23:52:51,3
19577,99,31665,45335.293,0,39000,0,05/15/2024 14:03:44,06/04/2024 23:52:51,6
19573,99,27497.5,54951,0,68000,0,05/23/2024 12:09:12,06/04/2024 23:52:51,1
19572,99,29997.5,39280.89,40001,0,1,05/30/2024 16:09:22,06/04/2024 23:52:51,1
19571,99,0,34525.6,0,29985,1,06/03/2024 18:02:36,06/04/2024 23:52:51,2
19570,99,34997.5,77611,0,0,0,05/23/2024 20:25:29,06/04/2024 23:52:51,0
19581,99,12497.5,49765.5,0,0,0,05/20/2024 16:49:41,06/04/2024 23:52:51,0
19582,99,34165.832,72548.71,0,0,2,06/04/2024 00:51:17,06/04/2024 23:52:51,0
19586,99,0,69999.1,0,60000,1,05/30/2024 07:06:52,06/04/2024 23:52:51,1
19587,99,17497.5,48944.277,0,69997,0,05/23/2024 10:55:50,06/04/2024 23:52:51,2
19588,99,34997.5,53426.668,0,0,0,05/15/2024 14:03:40,06/04/2024 23:52:51,0
19589,99,21599,32472.533,18000,25000,0,05/05/2024 20:54:11,06/04/2024 23:52:51,8
19580,99,19997.5,48228.89,0,55000,0,05/23/2024 12:05:01,06/04/2024 23:52:51,2
19584,99,19997.5,50768.168,0,63999,0,05/23/2024 12:09:17,06/04/2024 23:52:51,1
18048,99,10182,8775.211,0,18201,1,05/29/2024 18:25:22,06/04/2024 23:52:51,5
18049,99,0,43064.95,0,0,7,06/02/2024 14:48:30,06/04/2024 23:52:51,0
18050,99,0,33169.6,0,70000,4,06/02/2024 03:51:46,06/04/2024 23:52:51,3
18051,99,0,28029.3,0,44000,6,06/01/2024 22:24:57,06/04/2024 23:52:51,1
18055,99,0,30183.25,0,27330,0,05/26/2024 20:57:46,06/04/2024 23:52:51,4
18056,99,28000,32397.264,0,39999,2,06/01/2024 10:30:18,06/04/2024 23:52:51,6
18057,99,35000,41222.74,0,39500,3,06/02/2024 14:00:44,06/04/2024 23:52:51,3
19513,99,0,41505.4,0,0,0,05/21/2024 12:32:04,06/04/2024 23:52:51,0
19512,99,0,40647.1,27000,43000,2,06/01/2024 11:40:08,06/04/2024 23:52:51,2
18204,99,0,29069.05,0,19172,4,06/01/2024 16:08:27,06/04/2024 23:52:51,4
18205,99,0,22508.35,0,40000,6,06/02/2024 22:55:29,06/04/2024 23:52:51,2
18211,99,0,19794.25,0,19999,0,05/19/2024 13:06:34,06/04/2024 23:52:51,4
18215,99,0,37217.7,0,37997,2,06/01/2024 17:07:01,06/04/2024 23:52:51,2
18213,99,0,27774.75,0,24998,0,05/23/2024 08:09:55,06/04/2024 23:52:51,5
18209,99,0,3453.65,0,9344,3,06/02/2024 19:16:25,06/04/2024 23:52:51,8
18207,99,0,28772.05,0,33000,4,06/02/2024 09:28:46,06/04/2024 23:52:51,3
18206,99,0,22564.1,0,43000,4,06/02/2024 14:16:31,06/04/2024 23:52:51,2
18212,99,35000,33273.156,0,25000,4,06/03/2024 20:18:55,06/04/2024 23:52:51,4
18363,99,0,19376.15,0,19000,4,06/03/2024 12:05:24,06/04/2024 23:52:51,3
19893,99,688.63635,1670.6666,696,0,17,06/03/2024 20:15:10,06/04/2024 23:52:51,3
19871,99,178.45,0,80,0,16,06/02/2024 14:04:28,06/04/2024 23:52:51,7
19917,99,262.1,0,285,0,20,06/04/2024 09:52:52,06/04/2024 23:52:51,9
12639,99,359.55,0,80,0,5,06/03/2024 21:41:11,06/04/2024 23:52:51,3
20006,99,360.9,0,320,0,12,06/03/2024 21:52:59,06/04/2024 23:52:51,20
18365,99,0,18987.6,0,33355,8,06/03/2024 16:20:31,06/04/2024 23:52:51,3
5510,99,128.36363,333.55554,181,700,20,06/04/2024 22:16:54,06/04/2024 23:52:51,10
5509,99,395.4,0,549,0,20,06/04/2024 16:06:01,06/04/2024 23:52:51,4
18369,99,0,30338.45,0,43900,0,05/27/2024 21:35:31,06/04/2024 23:52:52,2
19891,99,328.35715,237.5,175,999,15,06/03/2024 07:55:39,06/04/2024 23:52:52,2
12642,99,291.35,0,238,0,20,06/04/2024 08:39:44,06/04/2024 23:52:52,19
18371,99,0,31185.35,0,32000,0,05/27/2024 21:35:48,06/04/2024 23:52:52,6
18360,99,0,16873.6,0,21000,0,05/27/2024 15:34:32,06/04/2024 23:52:52,2
18362,99,0,39938.35,0,34000,5,06/04/2024 10:33:24,06/04/2024 23:52:52,5
18368,99,0,28369.9,0,25000,0,05/28/2024 22:36:54,06/04/2024 23:52:52,2
19533,99,2491.0625,39500,1471,20000,0,05/26/2024 12:54:31,06/04/2024 23:52:52,10
19534,99,4013.2222,43000,1471,15000,0,05/28/2024 02:14:09,06/04/2024 23:52:52,9
18545,99,0,4268.6,0,7500,0,05/18/2024 16:22:17,06/04/2024 23:52:52,2
19892,99,712.2941,1545.6666,470,2000,20,06/04/2024 21:49:44,06/04/2024 23:52:52,6
12638,99,516.85,0,350,0,5,06/01/2024 17:39:00,06/04/2024 23:52:52,4
18519,99,0,10784.65,0,9698,3,06/02/2024 20:45:15,06/04/2024 23:52:52,6
18521,99,0,24560.35,0,33362,4,06/03/2024 20:03:32,06/04/2024 23:52:52,5
18543,99,19995,26151.475,0,0,6,06/04/2024 15:52:33,06/04/2024 23:52:52,0
18525,99,24995,33049.58,0,30000,3,06/03/2024 06:13:49,06/04/2024 23:52:52,2
18527,99,24995,19470.105,0,9999,1,05/30/2024 18:11:48,06/04/2024 23:52:52,11
18531,99,0,15370.9,0,15000,0,05/25/2024 02:12:36,06/04/2024 23:52:52,6
18533,99,24995,30963.053,0,58990,2,06/02/2024 12:41:57,06/04/2024 23:52:52,3
19555,99,29995,41900.895,0,0,0,05/12/2024 11:34:37,06/04/2024 23:52:52,0
19554,99,19995,24638.21,0,38500,0,05/28/2024 15:28:11,06/04/2024 23:52:52,3
18516,99,3199,7357.8423,0,4219,0,05/23/2024 20:47:38,06/04/2024 23:52:52,7
18523,99,24995,31229.37,0,0,3,06/02/2024 16:02:17,06/04/2024 23:52:52,0
18518,99,0,24860.45,0,0,10,06/04/2024 18:30:45,06/04/2024 23:52:52,0
18517,99,0,15105.35,0,5262,4,06/03/2024 20:03:42,06/04/2024 23:52:52,6
18524,99,8995,14456.895,0,16102,1,05/30/2024 18:11:29,06/04/2024 23:52:52,4
18673,99,24000,13176.211,0,11369,5,06/04/2024 01:12:08,06/04/2024 23:52:52,11
18679,99,23497.5,42061.5,0,0,1,05/30/2024 18:11:18,06/04/2024 23:52:52,0
18672,99,0,31130.7,19995,0,3,05/30/2024 16:09:30,06/04/2024 23:52:52,1
18677,99,0,14637.25,0,11070,7,06/04/2024 09:01:15,06/04/2024 23:52:52,4
18681,99,24995,21326.895,0,39000,3,06/04/2024 10:46:00,06/04/2024 23:52:52,1
18687,99,14995,22794.525,0,25000,0,05/27/2024 18:20:06,06/04/2024 23:52:52,6
18699,99,0,38892,0,39000,1,06/03/2024 08:36:29,06/04/2024 23:52:52,1
19575,99,29995,71537.16,0,0,0,05/25/2024 08:40:50,06/04/2024 23:52:52,0
19576,99,24995,58415.79,0,75000,0,05/23/2024 10:55:53,06/04/2024 23:52:52,1
18052,99,0,36507.35,0,45000,4,06/04/2024 18:07:09,06/04/2024 23:52:52,3
19618,99,30000,47138.723,0,43000,2,06/03/2024 09:34:35,06/04/2024 23:52:52,1
19617,99,5000,41670.105,0,49999,2,06/01/2024 18:53:01,06/04/2024 23:52:52,2
19616,99,7777,39153.58,0,41999,1,05/30/2024 22:26:05,06/04/2024 23:52:52,2
19614,99,15333.333,42305.293,0,43000,3,05/31/2024 06:09:18,06/04/2024 23:52:52,1
19619,99,20000,39182.316,0,42999,0,05/26/2024 12:16:40,06/04/2024 23:52:52,2
18089,99,0,24447.4,0,0,2,06/03/2024 11:21:35,06/04/2024 23:52:52,0
18083,99,0,27885.8,0,20000,3,06/03/2024 19:11:33,06/04/2024 23:52:52,4
18077,99,0,35198.95,0,60000,1,06/02/2024 02:44:53,06/04/2024 23:52:52,3
19621,99,34000,41559.527,0,0,0,05/20/2024 09:23:08,06/04/2024 23:52:52,0
18070,99,500,30846.842,0,0,3,05/31/2024 20:52:00,06/04/2024 23:52:52,0
18071,99,300,24122.053,20000,0,0,05/25/2024 19:53:48,06/04/2024 23:52:52,1
18067,99,0,30196.3,0,79000,6,06/04/2024 01:14:38,06/04/2024 23:52:52,6
18065,99,300,27570.895,0,40001,0,05/28/2024 01:44:11,06/04/2024 23:52:52,2
18059,99,0,21205.25,0,0,0,05/25/2024 17:50:28,06/04/2024 23:52:52,0
18058,99,0,20317.35,0,30000,0,05/25/2024 23:08:30,06/04/2024 23:52:53,1
18068,99,25000,34794.473,0,20550,7,06/02/2024 19:53:01,06/04/2024 23:52:53,3
18053,99,0,33857.85,0,46000,3,06/01/2024 22:25:03,06/04/2024 23:52:53,4
18069,99,300,15851.315,0,24000,7,06/04/2024 21:23:14,06/04/2024 23:52:53,1
18225,99,0,7493.15,0,1344,0,05/28/2024 14:05:50,06/04/2024 23:52:53,7
18231,99,0,18611.1,0,30000,5,05/30/2024 03:08:24,06/04/2024 23:52:53,4
18237,99,0,25351.1,0,10000,2,05/31/2024 09:48:24,06/04/2024 23:52:53,5
18219,99,0,13086.95,0,9000,1,05/31/2024 02:27:11,06/04/2024 23:52:53,8
18214,99,0,17534,0,22500,1,05/31/2024 22:10:57,06/04/2024 23:52:53,4
18208,99,8999,11504.947,0,8000,4,06/02/2024 10:20:44,06/04/2024 23:52:53,8
18223,99,0,28996.15,0,58000,3,06/02/2024 22:57:22,06/04/2024 23:52:53,3
19628,99,29772.7,42899.6,39999,0,8,06/02/2024 16:37:05,06/04/2024 23:52:53,2
19624,99,19115.666,34160.645,0,0,4,06/01/2024 23:43:47,06/04/2024 23:52:53,0
19626,99,22916.666,43499.43,15999,19000,5,06/03/2024 14:29:31,06/04/2024 23:52:53,5
19627,99,36496.332,42571.07,0,0,2,06/02/2024 10:56:26,06/04/2024 23:52:53,0
19629,99,32333.334,43587.883,0,0,0,05/28/2024 20:27:24,06/04/2024 23:52:53,0
19735,99,10000,38770.21,0,36885,4,06/02/2024 16:37:47,06/04/2024 23:52:53,4
19631,99,0,42487.75,0,0,0,05/24/2024 06:21:59,06/04/2024 23:52:53,0
19733,99,12166.5,40860.89,0,39000,2,05/31/2024 22:58:19,06/04/2024 23:52:53,1
19734,99,0,38670.9,0,0,7,06/03/2024 20:19:59,06/04/2024 23:52:53,0
19736,99,10000,39275.316,0,31885,8,06/02/2024 16:37:56,06/04/2024 23:52:53,11
18245,99,0,12551.1,10000,14344,4,06/01/2024 21:10:26,06/04/2024 23:52:53,7
18239,99,0,4295.15,0,2995,1,05/31/2024 09:48:41,06/04/2024 23:52:53,8
18227,99,0,7896.25,0,7444,2,05/30/2024 22:12:08,06/04/2024 23:52:53,5
18221,99,0,31078.25,0,22000,2,05/31/2024 19:17:51,06/04/2024 23:52:53,3
19630,99,21799.8,39649.867,22999,24000,4,06/03/2024 20:19:09,06/04/2024 23:52:53,3
18233,99,40000,33828.105,0,32980,1,06/04/2024 15:33:06,06/04/2024 23:52:53,5
18399,99,15000,28044.79,0,14999,2,06/01/2024 14:17:36,06/04/2024 23:52:53,1
19894,99,195.64706,343.33334,125,300,13,06/04/2024 13:24:46,06/04/2024 23:52:53,12
12643,99,212.45,0,60,0,7,06/02/2024 12:54:20,06/04/2024 23:52:53,8
18393,99,0,23090.45,0,32000,0,05/28/2024 13:58:25,06/04/2024 23:52:53,3
19895,99,113.42857,168.83333,89,198,7,06/04/2024 15:03:39,06/04/2024 23:52:53,20
12640,99,384.2,0,278,0,10,06/04/2024 17:20:32,06/04/2024 23:52:53,8
18375,99,12500,13272,0,25000,0,05/23/2024 19:25:22,06/04/2024 23:52:53,8
18387,99,0,45667.65,0,26990,1,06/04/2024 14:10:58,06/04/2024 23:52:53,3
18381,99,15000,25221.525,0,20000,4,06/03/2024 13:47:35,06/04/2024 23:52:53,2
18373,99,17500,37678.684,0,19999,0,05/20/2024 21:51:21,06/04/2024 23:52:53,2
18377,99,0,26517.6,0,5000,1,06/01/2024 10:36:40,06/04/2024 23:52:53,8
18379,99,0,58852.25,0,83990,4,06/04/2024 11:44:39,06/04/2024 23:52:53,2
19641,99,45000,43117.883,35000,0,0,05/23/2024 03:52:42,06/04/2024 23:52:53,1
19639,99,24209.5,40319.785,0,0,1,05/31/2024 22:59:06,06/04/2024 23:52:53,0
19965,99,1732.6,1960,974,0,16,06/04/2024 01:07:51,06/04/2024 23:52:53,5
19971,99,87.15,0,94,0,19,06/04/2024 18:17:13,06/04/2024 23:52:53,13
19637,99,46310.223,48781.273,0,40000,6,06/02/2024 06:34:17,06/04/2024 23:52:53,2
19636,99,15966,42799.8,11000,43000,0,05/27/2024 19:51:22,06/04/2024 23:52:53,3
18385,99,0,30869.15,0,83000,1,06/02/2024 15:00:03,06/04/2024 23:52:53,2
18389,99,9999,9983.368,0,25000,0,05/24/2024 23:03:38,06/04/2024 23:52:53,2
18395,99,20000,26221.525,0,28000,1,05/30/2024 18:01:49,06/04/2024 23:52:53,5
18401,99,7500,14753.053,0,6000,0,05/28/2024 18:28:36,06/04/2024 23:52:53,11
18383,99,8000,13760.737,0,36000,1,06/01/2024 16:10:07,06/04/2024 23:52:53,1
18557,99,0,25393.5,0,7999,2,05/30/2024 00:35:15,06/04/2024 23:52:53,8
18551,99,19501,19974.105,6995,10000,1,05/30/2024 02:44:52,06/04/2024 23:52:53,8
18549,99,0,20619.55,7995,6000,1,05/30/2024 02:44:13,06/04/2024 23:52:53,13
18541,99,34995,19571.264,0,37999,2,06/02/2024 10:47:41,06/04/2024 23:52:53,4
18539,99,0,9403.95,0,7800,0,05/02/2024 19:18:36,06/04/2024 23:52:53,5
18555,99,0,17485.75,0,15000,4,06/02/2024 13:13:34,06/04/2024 23:52:53,4
18529,99,29995,40705.844,0,39000,4,06/03/2024 14:32:08,06/04/2024 23:52:53,4
18537,99,12665,11197.471,0,15000,3,06/03/2024 09:08:25,06/04/2024 23:52:53,9
18532,99,14995,26478.79,0,20000,2,06/01/2024 13:07:49,06/04/2024 23:52:53,8
19644,99,0,37450.95,0,39880,0,05/15/2024 02:07:37,06/04/2024 23:52:53,3
19646,99,0,35438.6,0,30000,0,05/18/2024 06:04:50,06/04/2024 23:52:53,4
19648,99,29997.5,51450.168,0,87990,2,06/04/2024 09:49:27,06/04/2024 23:52:53,1
19649,99,31000,36318.168,0,43000,2,05/31/2024 14:44:38,06/04/2024 23:52:53,1
19651,99,29998.334,40623.883,0,0,3,06/01/2024 20:39:36,06/04/2024 23:52:53,0
19743,99,32497.5,37477.055,0,43000,2,06/04/2024 06:18:54,06/04/2024 23:52:53,1
19745,99,33665,35251.883,0,30141,2,06/04/2024 17:01:36,06/04/2024 23:52:53,3
19746,99,35199,38964.867,0,41000,4,06/04/2024 17:02:29,06/04/2024 23:52:53,2
18526,99,0,26879.9,24995,31900,0,05/19/2024 21:37:39,06/04/2024 23:52:53,10
19643,99,0,42899.9,0,43000,0,05/23/2024 12:47:54,06/04/2024 23:52:53,1
12550,99,3283.625,3750.75,10000,0,6,06/03/2024 22:54:54,06/04/2024 23:52:53,2
12560,99,140.35,0,100,0,7,06/03/2024 20:38:54,06/04/2024 23:52:53,7
18530,99,13995,18468.475,0,17000,2,06/04/2024 12:08:42,06/04/2024 23:52:53,9
18544,99,0,4314.55,0,3500,0,05/18/2024 16:22:01,06/04/2024 23:52:53,2
18542,99,0,13357.35,0,36000,4,06/04/2024 14:57:42,06/04/2024 23:52:53,1
19744,99,34582.5,39656,0,43000,3,06/04/2024 17:01:33,06/04/2024 23:52:53,1
18520,99,0,12557.6,0,7602,8,06/04/2024 00:52:01,06/04/2024 23:52:53,4
18701,99,13995,11333.789,0,36000,2,06/03/2024 21:53:58,06/04/2024 23:52:53,1
18705,99,0,23065.2,17995,9555,2,05/31/2024 22:49:36,06/04/2024 23:52:53,8
18707,99,0,1072.95,0,1797,0,05/26/2024 06:32:40,06/04/2024 23:52:53,8
19987,99,2452.9375,3110.75,2800,4000,20,06/04/2024 01:07:34,06/04/2024 23:52:53,9
18675,99,0,27517.6,7995,13000,2,06/01/2024 10:19:02,06/04/2024 23:52:53,6
18713,99,0,17051.65,0,39000,5,06/04/2024 15:23:52,06/04/2024 23:52:53,1
18695,99,0,4437.45,0,2000,2,06/01/2024 20:44:10,06/04/2024 23:52:53,7
18689,99,27995,43214.156,0,54999,5,06/04/2024 18:53:53,06/04/2024 23:52:53,2
18683,99,23997.5,28076.389,0,22994,2,06/04/2024 19:05:19,06/04/2024 23:52:53,3
18674,99,0,22596.5,17995,30000,4,06/04/2024 15:30:02,06/04/2024 23:52:53,6
18680,99,0,29708.1,0,0,3,06/04/2024 06:43:18,06/04/2024 23:52:53,0
18682,99,21995,11054.105,0,4998,2,05/30/2024 18:11:41,06/04/2024 23:52:53,8
18698,99,14995,30992.158,0,0,8,06/04/2024 15:28:56,06/04/2024 23:52:53,0
19963,99,49.46154,126.14286,139,150,14,06/03/2024 22:03:10,06/04/2024 23:52:53,18
19969,99,54.1,0,38,0,12,06/02/2024 18:23:21,06/04/2024 23:52:53,10
18700,99,0,3188.35,0,7499,0,05/27/2024 08:43:32,06/04/2024 23:52:53,4
18688,99,29995,44143.473,0,39000,2,06/02/2024 14:51:48,06/04/2024 23:52:53,2
18693,99,0,8032.4,0,5000,0,05/26/2024 21:18:04,06/04/2024 23:52:53,11
18711,99,0,8221.9,0,10000,4,06/03/2024 17:19:36,06/04/2024 23:52:53,3
18704,99,4597.5,10351.167,250,615,2,06/01/2024 22:01:42,06/04/2024 23:52:53,15
18686,99,14995,28082.105,0,24500,4,06/02/2024 23:42:55,06/04/2024 23:52:53,5
19656,99,30997.5,67833.164,0,0,4,06/02/2024 12:41:14,06/04/2024 23:52:53,0
19661,99,31998.334,30198.588,0,0,1,05/29/2024 19:46:18,06/04/2024 23:52:53,0
19753,99,29616.5,50984.11,0,54285,0,05/21/2024 21:02:26,06/04/2024 23:52:53,1
19754,99,29995,44686.367,0,49500,3,05/31/2024 00:24:59,06/04/2024 23:52:54,1
19755,99,32497.5,39493.332,0,44000,4,06/02/2024 18:22:54,06/04/2024 23:52:54,1
19756,99,21995,45006.633,0,48000,9,06/04/2024 19:25:30,06/04/2024 23:52:54,2
19654,99,46893,74764.35,0,0,3,06/03/2024 20:12:01,06/04/2024 23:52:54,0
19962,99,1173.6428,1149.5,540,540,20,06/03/2024 08:02:47,06/04/2024 23:52:54,20
19968,99,333.3,0,800,0,20,06/02/2024 09:01:36,06/04/2024 23:52:54,2
19511,99,65407,41929.367,31500,30000,0,05/10/2024 10:53:36,06/04/2024 23:52:54,10
19923,99,29.4,0,1,0,3,06/04/2024 11:00:22,06/04/2024 23:52:54,20
18110,99,15249.5,36485.277,0,0,9,06/04/2024 21:27:30,06/04/2024 23:52:54,0
18109,99,0,23729.45,0,0,9,06/04/2024 12:40:19,06/04/2024 23:52:54,0
18108,99,16000,63170.06,0,59999,12,06/04/2024 19:01:02,06/04/2024 23:52:54,4
18107,99,0,37846.7,0,0,3,06/03/2024 11:54:26,06/04/2024 23:52:54,0
18106,99,55000,40289.26,0,59999,6,06/02/2024 14:41:17,06/04/2024 23:52:54,4
18105,99,0,19215.75,0,15000,6,06/01/2024 18:09:54,06/04/2024 23:52:54,4
18104,99,0,15644.25,0,10000,4,06/04/2024 15:22:16,06/04/2024 23:52:54,2
18103,99,14000,56123.684,0,47000,5,06/01/2024 18:53:10,06/04/2024 23:52:54,7
18102,99,13109,20221.889,0,0,1,06/01/2024 10:29:26,06/04/2024 23:52:54,0
18101,99,29000,36891.105,0,0,5,05/31/2024 20:11:32,06/04/2024 23:52:54,0
18100,99,0,41726.55,0,0,2,05/31/2024 23:37:02,06/04/2024 23:52:54,0
18042,99,0,20390,0,29900,5,06/02/2024 20:31:55,06/04/2024 23:52:54,3
18098,99,228,38220.684,0,42999,4,06/01/2024 18:53:01,06/04/2024 23:52:54,1
18099,99,30000,31807.736,0,0,3,06/04/2024 15:22:10,06/04/2024 23:52:54,0
18061,99,300,30287.895,0,40000,1,05/29/2024 19:40:25,06/04/2024 23:52:54,2
12545,99,9.692307,302.42856,10,24,20,06/04/2024 12:39:58,06/04/2024 23:52:54,20
12555,99,214.5,0,65,0,8,06/02/2024 08:56:13,06/04/2024 23:52:54,12
18047,99,0,18843.4,0,35000,3,06/03/2024 18:51:10,06/04/2024 23:52:54,5
18073,99,0,23899.2,0,43000,2,05/31/2024 14:22:04,06/04/2024 23:52:54,2
18081,99,0,19097.7,0,33998,7,06/03/2024 19:11:43,06/04/2024 23:52:54,2
5351,99,38.75,0,50,0,4,06/04/2024 11:44:56,06/04/2024 23:52:54,7
18087,99,0,25485.7,0,13332,5,06/04/2024 15:39:19,06/04/2024 23:52:54,6
5352,99,158.45,0,69,0,20,06/04/2024 18:50:24,06/04/2024 23:52:54,10
18045,99,0,40849.7,0,43000,2,06/01/2024 21:46:51,06/04/2024 23:52:54,1
19901,99,111.94118,766.3333,174,0,20,06/04/2024 18:46:25,06/04/2024 23:52:54,13
12628,99,778.35,0,650,0,20,06/04/2024 15:05:39,06/04/2024 23:52:54,20
12518,99,1360.6666,2159.4546,1595,1500,20,06/04/2024 20:31:19,06/04/2024 23:52:54,20
12531,99,293.2,0,149,0,20,06/04/2024 17:19:10,06/04/2024 23:52:54,20
18092,99,0,9202.45,0,7555,1,05/30/2024 03:57:25,06/04/2024 23:52:54,4
18091,99,0,7920.85,2300,3000,5,05/31/2024 20:10:46,06/04/2024 23:52:54,8
18096,99,36000,41105.156,0,43000,5,06/01/2024 16:14:46,06/04/2024 23:52:54,1
18095,99,0,6411.85,0,5400,3,06/01/2024 17:59:08,06/04/2024 23:52:54,8
18097,99,20113.5,38155,0,38000,2,06/01/2024 15:27:01,06/04/2024 23:52:54,2
18094,99,0,5109.65,0,3000,3,06/01/2024 00:39:48,06/04/2024 23:52:54,1
18093,99,20000,29605.264,0,78500,1,05/29/2024 20:02:23,06/04/2024 23:52:54,2
18265,99,11900,36653.668,0,43000,2,06/04/2024 00:34:15,06/04/2024 23:52:54,1
18264,99,12000,29632.111,0,24900,2,05/30/2024 19:38:17,06/04/2024 23:52:54,2
18263,99,12000,39526.527,0,20000,3,05/31/2024 19:27:04,06/04/2024 23:52:54,2
18262,99,12000,39800.895,0,40261,5,06/03/2024 12:05:40,06/04/2024 23:52:54,2
18261,99,0,28377.15,0,25000,1,06/02/2024 13:44:06,06/04/2024 23:52:54,5
18260,99,13995,26024.525,0,20261,2,06/04/2024 00:34:03,06/04/2024 23:52:54,3
18259,99,22000,38850.707,0,0,3,06/02/2024 17:15:15,06/04/2024 23:52:54,0
18257,99,41998,35122,0,43000,0,05/27/2024 11:31:52,06/04/2024 23:52:55,1
18266,99,18833.334,32052.705,0,41995,1,06/03/2024 17:46:20,06/04/2024 23:52:55,5
18258,99,0,41318.95,0,40000,0,05/17/2024 15:54:31,06/04/2024 23:52:55,3
18255,99,0,3387.05,0,2798,4,06/04/2024 04:54:59,06/04/2024 23:52:55,16
18254,99,0,16323.35,0,22000,3,06/02/2024 17:15:03,06/04/2024 23:52:55,4
18253,99,0,9389.9,0,9000,0,05/27/2024 23:16:21,06/04/2024 23:52:55,6
18252,99,0,7782.75,20000000,1900,1,05/30/2024 01:00:08,06/04/2024 23:52:55,10
18251,99,0,13880.05,0,6999,0,05/27/2024 15:38:02,06/04/2024 23:52:55,5
18250,99,11497.5,15559.556,0,10999,0,05/17/2024 17:03:15,06/04/2024 23:52:55,4
18249,99,3550,6811,0,7700,1,05/29/2024 17:44:40,06/04/2024 23:52:55,10
18248,99,737,4977.6313,0,960,0,05/27/2024 22:21:24,06/04/2024 23:52:55,6
18198,99,5867,14565.632,35000,28000,0,05/28/2024 20:16:04,06/04/2024 23:52:55,5
12541,99,2886.389,4745,5000,3999,19,06/02/2024 16:44:01,06/04/2024 23:52:55,14
12551,99,321.85,0,2000,0,20,06/03/2024 19:07:45,06/04/2024 23:52:55,1
18201,99,0,1844.75,0,5000,2,06/04/2024 00:33:15,06/04/2024 23:52:55,5
18203,99,0,13418.3,0,3624,3,06/03/2024 08:59:19,06/04/2024 23:52:55,13
18235,99,0,22500.3,0,30000,3,05/31/2024 09:47:31,06/04/2024 23:52:55,4
18247,99,0,2196.35,0,80,0,05/09/2024 21:11:58,06/04/2024 23:52:55,11
18256,99,0,5174.9,0,1560,2,06/02/2024 13:43:47,06/04/2024 23:52:55,12
18419,99,0,36842.45,0,35269,1,05/30/2024 15:55:47,06/04/2024 23:52:55,2
18420,99,0,36394.2,0,0,1,06/02/2024 20:33:20,06/04/2024 23:52:55,0
18418,99,0,32294.95,0,39000,0,05/14/2024 19:14:12,06/04/2024 23:52:55,1
18417,99,0,5713.8,0,6769,2,06/01/2024 16:39:17,06/04/2024 23:52:55,9
18416,99,0,5814.9,0,8100,0,05/26/2024 06:33:24,06/04/2024 23:52:55,11
18415,99,0,33503.35,0,0,3,06/02/2024 20:33:10,06/04/2024 23:52:55,0
18421,99,0,33340.8,0,19000,0,05/27/2024 17:44:20,06/04/2024 23:52:55,8
18414,99,0,33302.8,0,39000,2,06/02/2024 13:13:19,06/04/2024 23:52:55,1
18413,99,0,19464.75,0,26969,1,05/29/2024 01:51:49,06/04/2024 23:52:55,3
18422,99,0,27320,0,38000,1,06/04/2024 03:51:10,06/04/2024 23:52:55,3
19634,99,16069.823,33666.668,20258,34999,0,05/28/2024 13:44:57,06/04/2024 23:52:55,7
18367,99,0,28528.2,0,39000,0,05/28/2024 22:36:34,06/04/2024 23:52:55,1
18361,99,0,39967.65,0,83000,2,06/03/2024 12:05:29,06/04/2024 23:52:55,3
18359,99,0,11199.8,0,15000,8,06/04/2024 13:05:22,06/04/2024 23:52:55,3
18357,99,19750,28456.723,31200,29000,1,05/29/2024 12:21:33,06/04/2024 23:52:55,5
19902,99,32.64706,408,5,25,10,05/31/2024 22:19:31,06/04/2024 23:52:55,20
19846,99,99.28571,309.53845,10,30,9,06/03/2024 10:41:45,06/04/2024 23:52:55,15
19532,99,3729.9333,9249.2,2070,5777,2,06/02/2024 21:26:43,06/04/2024 23:52:55,10
19921,99,3.5,0,4,0,3,05/31/2024 14:11:33,06/04/2024 23:52:55,19
18354,99,0,5520.4,0,9999,0,05/28/2024 10:32:07,06/04/2024 23:52:55,5
18406,99,0,1034.6,0,2960,1,05/31/2024 13:09:15,06/04/2024 23:52:55,12
18405,99,0,4682,0,1269,1,06/03/2024 13:47:54,06/04/2024 23:52:55,9
18412,99,0,22387.1,0,39000,1,06/02/2024 15:00:21,06/04/2024 23:52:55,1
18411,99,0,9127.25,0,9999,0,05/20/2024 19:35:49,06/04/2024 23:52:55,7
18404,99,0,4201.85,0,7000,1,05/30/2024 15:56:39,06/04/2024 23:52:55,7
18409,99,2444,16686.525,0,36000,0,05/20/2024 21:53:19,06/04/2024 23:52:55,1
18408,99,0,21317.95,0,28899,1,05/29/2024 01:51:32,06/04/2024 23:52:55,5
18407,99,0,875.4,0,999,2,06/01/2024 22:47:37,06/04/2024 23:52:55,6
18403,99,0,9002793,0,1000,1,05/30/2024 17:18:43,06/04/2024 23:52:55,7
18410,99,0,17391.45,0,25000,1,06/03/2024 13:48:02,06/04/2024 23:52:55,3
18574,99,24997.5,25431.389,0,38999,3,06/02/2024 21:34:07,06/04/2024 23:52:55,4
19553,99,29995,44466.05,0,40000,1,06/02/2024 07:41:22,06/04/2024 23:52:56,3
18578,99,0,13568.3,0,4000,2,05/30/2024 00:35:01,06/04/2024 23:52:56,5
18577,99,5995,18954.79,0,9800,1,05/30/2024 14:29:36,06/04/2024 23:52:56,12
18576,99,0,29908.65,0,39275,1,05/29/2024 18:11:31,06/04/2024 23:52:56,1
18575,99,14995,26468.895,0,13998,1,05/31/2024 18:17:50,06/04/2024 23:52:56,6
18573,99,0,9891.25,0,6900,1,05/30/2024 00:34:54,06/04/2024 23:52:56,9
18572,99,14995,19038.422,0,10999,6,06/04/2024 18:53:33,06/04/2024 23:52:56,9
18571,99,0,15715.95,0,20274,0,05/22/2024 10:23:26,06/04/2024 23:52:56,4
18570,99,1500,10429.737,0,9899,0,05/19/2024 21:38:52,06/04/2024 23:52:56,14
18569,99,15000,14540.111,0,1999,2,06/03/2024 05:35:50,06/04/2024 23:52:56,11
18510,99,0,19595.1,0,14656,2,06/02/2024 03:44:04,06/04/2024 23:52:56,3
18567,99,24995,18801.578,0,19900,0,05/23/2024 19:22:41,06/04/2024 23:52:56,6
18513,99,20595,25890.842,0,39000,1,06/02/2024 21:33:33,06/04/2024 23:52:56,1
18568,99,29995,17900.947,0,32994,1,05/30/2024 00:35:11,06/04/2024 23:52:56,4
18559,99,249,1191.5264,0,500,1,06/02/2024 13:44:35,06/04/2024 23:52:56,12
18560,99,0,1577.25,0,274,0,05/27/2024 20:28:20,06/04/2024 23:52:56,10
18561,99,0,2625.2,0,1999,0,05/22/2024 10:21:53,06/04/2024 23:52:56,8
18515,99,0,3324,0,1199,2,06/01/2024 04:58:12,06/04/2024 23:52:56,14
18563,99,249,872.3684,0,173,0,05/20/2024 02:35:31,06/04/2024 23:52:56,14
18564,99,9995,23821.895,0,39000,1,05/29/2024 03:13:14,06/04/2024 23:52:56,1
18565,99,19995,24600.79,0,17000,0,05/11/2024 21:48:05,06/04/2024 23:52:56,4
18566,99,29995,25868.053,0,31990,0,05/21/2024 13:37:51,06/04/2024 23:52:56,4
18562,99,0,717.75,0,200,0,05/05/2024 16:44:37,06/04/2024 23:52:56,16
19966,99,516.1429,633.8333,464,10000,3,05/31/2024 14:23:20,06/04/2024 23:52:56,5
19972,99,50.55,0,70,0,19,06/03/2024 20:41:34,06/04/2024 23:52:56,20
18726,99,11995,14847.421,0,19900,0,05/27/2024 20:28:39,06/04/2024 23:52:56,5
18734,99,17995,18546.63,0,37999,0,05/15/2024 05:54:47,06/04/2024 23:52:56,3
18733,99,24995,30092.63,0,0,0,05/19/2024 17:35:54,06/04/2024 23:52:56,0
18732,99,24995,34866.79,0,39000,0,05/18/2024 03:29:48,06/04/2024 23:52:56,2
18731,99,29995,34588.316,0,39000,2,05/30/2024 20:22:02,06/04/2024 23:52:56,1
18730,99,0,31486.6,0,0,3,06/01/2024 03:15:14,06/04/2024 23:52:56,0
18729,99,0,10883.05,0,20000,0,05/15/2024 05:54:35,06/04/2024 23:52:56,6
18728,99,0,8960.7,0,15000,0,05/23/2024 14:07:03,06/04/2024 23:52:56,6
18727,99,0,7996.35,0,17999,0,05/26/2024 21:19:22,06/04/2024 23:52:56,5
18725,99,19995,27618.842,0,38999,6,06/03/2024 19:13:53,06/04/2024 23:52:56,2
18723,99,14995,10044.842,0,32000,0,05/19/2024 17:35:47,06/04/2024 23:52:56,1
18722,99,29995,33935.367,0,39000,0,05/13/2024 09:45:13,06/04/2024 23:52:56,4
18721,99,29995,29024.79,0,39000,0,05/27/2024 20:28:29,06/04/2024 23:52:56,2
18720,99,0,20719.95,4995,9000,1,05/29/2024 10:18:13,06/04/2024 23:52:56,7
18719,99,21000000,2607.6667,0,1800,0,05/08/2024 00:42:40,06/04/2024 23:52:56,2
18718,99,19995,27793.736,0,30280,4,06/02/2024 12:41:39,06/04/2024 23:52:56,1
18717,99,0,19042.8,0,15300,0,04/21/2024 20:09:05,06/04/2024 23:52:56,1
18716,99,0,10843,0,0,0,05/27/2024 20:28:12,06/04/2024 23:52:56,0
18715,99,0,10742.1,0,7990,1,05/31/2024 23:39:45,06/04/2024 23:52:56,8
18724,99,0,8124.05,0,9279,1,06/04/2024 11:25:58,06/04/2024 23:52:56,5
18962,99,6135,185300.17,0,30250,0,03/09/2024 01:33:43,06/04/2024 23:52:56,3
18961,99,1735,2413,0,2285,1,05/31/2024 17:28:41,06/04/2024 23:52:56,2
18960,99,15000,25587.475,19995,36000,0,05/19/2024 04:46:40,06/04/2024 23:52:56,2
18959,99,6125,9639.333,4995,9000,0,04/10/2024 04:10:18,06/04/2024 23:52:56,3
18965,99,24997.5,24335.555,0,36000,0,05/23/2024 18:23:53,06/04/2024 23:52:56,1
19574,99,17492,34066.332,0,42000,0,05/26/2024 10:43:38,06/04/2024 23:52:57,2
18967,99,0,324099.84,29995,39000,0,05/08/2024 23:22:23,06/04/2024 23:52:57,2
18968,99,0,14966.2,0,13650,0,10/09/2023 17:12:24,06/04/2024 23:52:57,3
18963,99,29995,35430.79,0,0,0,05/24/2024 17:35:36,06/04/2024 23:52:57,0
18671,99,9995,28346.21,0,25000,3,06/01/2024 19:26:02,06/04/2024 23:52:57,7
18669,99,0,3090.05,0,1500,0,05/27/2024 17:28:16,06/04/2024 23:52:57,5
19903,99,4098.1055,1600,1455,1500,20,06/04/2024 07:39:32,06/04/2024 23:52:57,20
18666,99,0,34494.15,0,1000500,8,06/04/2024 20:28:58,06/04/2024 23:52:57,1
18966,99,7995,13499.368,0,14000,0,05/09/2024 23:54:10,06/04/2024 23:52:57,2
18964,99,5366.6665,22311.295,21995,29000,0,04/10/2024 04:10:12,06/04/2024 23:52:57,4
18956,99,0,35178.5,29995,0,0,05/23/2024 21:34:54,06/04/2024 23:52:57,1
18955,99,16373.5,22496.688,28000,35999,0,05/10/2024 21:04:16,06/04/2024 23:52:57,3
18954,99,5000,7018.737,1000,8584,0,04/10/2024 04:10:23,06/04/2024 23:52:57,6
18953,99,29995,54736.844,0,55000,1,05/29/2024 15:43:38,06/04/2024 23:52:57,1
18952,99,3766.6667,4326.7646,0,0,0,03/09/2024 01:33:28,06/04/2024 23:52:57,0
18951,99,5664.6665,4163,0,20285,0,05/24/2024 18:19:52,06/04/2024 23:52:57,1
18950,99,11550.8,16128.467,0,0,0,05/24/2024 18:15:22,06/04/2024 23:52:57,0
18949,99,18998,5885,10000,80001,0,05/24/2024 18:16:31,06/04/2024 23:52:57,3
18957,99,29995,34636.05,0,0,0,05/21/2024 20:47:30,06/04/2024 23:52:57,0
18958,99,3766.6667,9905.177,13995,23000,0,02/25/2024 13:43:11,06/04/2024 23:52:57,3
18062,99,13749.5,38285.61,0,40550,0,05/26/2024 20:17:07,06/04/2024 23:52:57,1
5066,99,1111.2222,1162.7273,1100,1099,20,06/04/2024 22:34:07,06/04/2024 23:52:57,20
19615,99,9999,36626.844,0,30389,7,06/03/2024 22:47:37,06/04/2024 23:52:57,3
19620,99,22499.5,42021.445,0,45000,0,05/20/2024 09:22:43,06/04/2024 23:52:57,1
19613,99,19999,42388.61,0,42999,3,06/02/2024 20:41:48,06/04/2024 23:52:57,2
18088,99,24999,41484.832,0,60000,7,06/04/2024 15:39:22,06/04/2024 23:52:57,6
18086,99,42499,49162.375,0,0,3,06/03/2024 20:27:21,06/04/2024 23:52:57,0
19612,99,23999,42971.74,0,0,1,05/31/2024 19:25:06,06/04/2024 23:52:57,0
18080,99,26999,33849.895,0,40000,3,05/31/2024 21:36:34,06/04/2024 23:52:57,10
18063,99,15149.5,43188.11,0,20330,1,05/29/2024 19:40:48,06/04/2024 23:52:57,7
18064,99,7249.5,24747.555,0,20550,1,05/29/2024 19:41:02,06/04/2024 23:52:57,4
18076,99,4500,29308.525,0,55555,2,06/03/2024 02:05:33,06/04/2024 23:52:57,2
18074,99,9999,16742.422,0,25000,3,06/04/2024 14:05:40,06/04/2024 23:52:57,2
18075,99,0,24558.55,0,30000,1,05/30/2024 02:35:13,06/04/2024 23:52:57,3
18082,99,5999,21734,0,16400,5,06/03/2024 19:11:26,06/04/2024 23:52:57,4
18217,99,5999,26434.63,0,9999,0,05/25/2024 19:02:49,06/04/2024 23:52:57,3
18229,99,24499,38072.332,0,29700,0,05/27/2024 17:40:25,06/04/2024 23:52:57,4
18241,99,23999,21741.21,0,59999,0,05/27/2024 15:36:47,06/04/2024 23:52:57,7
18243,99,0,26557.8,0,26344,2,06/01/2024 17:06:57,06/04/2024 23:52:57,7
19622,99,24999,41750,0,0,2,06/01/2024 07:13:50,06/04/2024 23:52:57,0
19623,99,2943.9285,39238.5,3400,43000,7,06/04/2024 17:28:47,06/04/2024 23:52:57,14
19625,99,24418,40810.75,20000,43000,7,06/03/2024 14:29:25,06/04/2024 23:52:57,2
18242,99,0,24302.25,0,21200,1,05/29/2024 16:17:39,06/04/2024 23:52:57,3
18238,99,26000,28907.5,0,55572,5,06/03/2024 23:05:15,06/04/2024 23:52:57,4
18236,99,0,22388.35,0,43000,2,06/01/2024 20:13:47,06/04/2024 23:52:57,1
18230,99,0,13564.15,0,19999,3,06/04/2024 15:29:07,06/04/2024 23:52:57,4
18226,99,15538,31282,0,30000,1,05/29/2024 21:21:36,06/04/2024 23:52:57,3
18224,99,0,9046,0,12572,3,06/04/2024 13:11:50,06/04/2024 23:52:57,4
18220,99,0,26775.5,0,17499,0,05/27/2024 18:05:56,06/04/2024 23:52:57,6
18218,99,25680,43230.117,0,40572,2,06/02/2024 11:19:29,06/04/2024 23:52:57,2
18244,99,0,22546.95,0,10000,1,05/30/2024 14:09:52,06/04/2024 23:52:58,9
18232,99,0,6136.2,0,4600,0,05/24/2024 09:42:02,06/04/2024 23:52:58,7
18400,99,15000,20180.895,0,23999,1,05/30/2024 09:38:32,06/04/2024 23:52:58,3
18394,99,0,15760.2,0,8000,0,05/28/2024 13:58:41,06/04/2024 23:52:58,8
18364,99,0,13486.15,0,8001,1,05/30/2024 13:51:57,06/04/2024 23:52:58,6
18391,99,30000,25190.75,0,30000,0,05/26/2024 23:52:55,06/04/2024 23:52:58,2
18388,99,0,12748.2,0,19999,0,05/24/2024 23:03:33,06/04/2024 23:52:58,5
18370,99,0,34581.2,0,38999,3,06/02/2024 15:54:32,06/04/2024 23:52:58,2
18382,99,9000,12436.158,0,17500,2,06/01/2024 16:09:59,06/04/2024 23:52:58,4
18397,99,25000,34572.156,0,39000,3,06/02/2024 13:13:53,06/04/2024 23:52:58,4
18398,99,0,16512.65,0,24900,1,05/30/2024 09:38:42,06/04/2024 23:52:58,3
18374,99,0,30548.4,0,38590,0,05/20/2024 21:51:28,06/04/2024 23:52:58,4
19640,99,26804.5,42974.918,24999,0,1,05/30/2024 23:04:09,06/04/2024 23:52:58,2
5196,99,515.3333,590,269,796,20,06/03/2024 23:35:34,06/04/2024 23:52:58,18
5168,99,212.45,0,170,0,16,06/04/2024 15:15:26,06/04/2024 23:52:58,14
19632,99,130,38411,0,42000,0,05/27/2024 19:43:18,06/04/2024 23:52:58,2
19635,99,15417.923,42571.43,20000,43000,4,06/03/2024 06:50:59,06/04/2024 23:52:58,4
19633,99,1952.2941,29333.334,2900,43000,0,05/28/2024 13:44:40,06/04/2024 23:52:58,7
18380,99,10000,15398.211,0,13999,1,06/01/2024 16:09:40,06/04/2024 23:52:58,7
18386,99,0,12083.75,0,36000,1,06/03/2024 08:47:07,06/04/2024 23:52:58,2
18392,99,0,17029.25,0,17002,3,06/03/2024 17:46:01,06/04/2024 23:52:58,7
19638,99,27543.46,41825.285,0,43000,4,06/04/2024 08:58:10,06/04/2024 23:52:58,1
18376,99,0,30373.05,0,30000,3,06/01/2024 06:33:52,06/04/2024 23:52:58,4
18535,99,0,34442.2,0,19000,0,05/25/2024 23:18:16,06/04/2024 23:52:58,2
5357,99,101.8,0,12,0,1,05/29/2024 16:51:44,06/04/2024 23:52:58,20
18553,99,0,15957.85,0,498,1,05/30/2024 00:35:32,06/04/2024 23:52:58,8
21936,99,49444.332,44909.09,59994,63000,6,06/01/2024 23:08:54,06/04/2024 23:52:58,6
18547,99,0,40617.3,0,9999,7,06/03/2024 21:37:16,06/04/2024 23:52:58,3
18550,99,6000,8689.947,0,1499,1,05/30/2024 02:43:51,06/04/2024 23:52:58,13
18536,99,0,28709.9,0,38000,5,06/01/2024 15:37:55,06/04/2024 23:52:58,4
18538,99,0,10503.95,0,6000,1,05/29/2024 16:14:49,06/04/2024 23:52:58,8
19650,99,33000,42052.473,0,43000,1,05/31/2024 14:44:47,06/04/2024 23:52:58,1
19647,99,30000,43201.89,0,40000,1,06/01/2024 10:30:00,06/04/2024 23:52:58,3
19645,99,0,35326.05,29995,43000,1,06/02/2024 20:34:07,06/04/2024 23:52:58,2
18548,99,0,18239.8,0,10000,9,06/02/2024 06:54:14,06/04/2024 23:52:58,2
19642,99,26998,40505,0,0,0,05/15/2024 02:07:19,06/04/2024 23:52:58,0
18554,99,0,28578.3,24995,38998,2,06/03/2024 15:44:29,06/04/2024 23:52:58,3
18556,99,0,26604.6,11995,38999,2,06/01/2024 12:22:32,06/04/2024 23:52:58,3
18697,99,13995,34333.473,0,0,4,06/03/2024 21:49:48,06/04/2024 23:52:58,0
18685,99,0,34663.1,0,60370,1,05/29/2024 15:34:49,06/04/2024 23:52:58,1
18691,99,14999,16670.158,0,8000,0,05/26/2024 21:17:36,06/04/2024 23:52:58,8
18709,99,0,6587.7,0,8990,4,06/04/2024 11:25:00,06/04/2024 23:52:58,7
18703,99,0,6031.35,8899,8490,0,05/26/2024 06:31:10,06/04/2024 23:52:58,10
18712,99,0,5007.75,0,4000,1,05/30/2024 22:11:07,06/04/2024 23:52:58,9
18676,99,0,19034.25,0,11615,4,06/03/2024 11:57:36,06/04/2024 23:52:58,4
18694,99,0,11796.15,0,17000,1,05/29/2024 01:18:45,06/04/2024 23:52:58,6
18710,99,0,1066648.8,4995,18000,7,06/04/2024 11:24:53,06/04/2024 23:52:58,5
18706,99,0,3350.3,0,2400,0,05/26/2024 06:32:19,06/04/2024 23:52:58,9
18692,99,0,36869.15,29995,39000,2,06/01/2024 20:43:59,06/04/2024 23:52:58,4
19653,99,19500,44205.39,88999,0,1,05/29/2024 08:20:07,06/04/2024 23:52:58,1
19655,99,100569,57956.895,29995,61000,1,05/30/2024 22:51:14,06/04/2024 23:52:59,7
19657,99,31750,32271.055,0,89000,0,05/27/2024 11:58:14,06/04/2024 23:52:59,3
19658,99,27784.5,43392.223,0,0,0,05/28/2024 12:34:32,06/04/2024 23:52:59,0
19659,99,39500,37609.945,0,0,0,05/23/2024 19:46:26,06/04/2024 23:52:59,0
19660,99,0,34032.75,0,80000,0,05/02/2024 18:08:13,06/04/2024 23:52:59,1
19652,99,0,51462.05,0,32000,0,05/23/2024 12:47:33,06/04/2024 23:52:59,4
18043,99,0,38653.55,0,42000,7,06/03/2024 03:52:22,06/04/2024 23:52:59,3
18044,99,37000,32648.277,35000,43000,3,06/04/2024 18:09:21,06/04/2024 23:52:59,5
18199,99,0,16720.15,0,6624,3,06/02/2024 15:56:53,06/04/2024 23:52:59,10
18200,99,0,33976.7,0,0,2,05/29/2024 15:23:15,06/04/2024 23:52:59,0
19885,99,0,2314.95,2000,1098,9,06/03/2024 14:33:59,06/04/2024 23:52:59,9
19851,99,242.6,0,125,0,13,06/04/2024 19:53:54,06/04/2024 23:52:59,4
19856,99,686.7,0,500,0,16,06/04/2024 02:30:10,06/04/2024 23:52:59,6
19882,99,129.14285,435.23077,130,300,1,06/02/2024 06:11:24,06/04/2024 23:52:59,12
19853,99,326.85,0,248,0,20,06/04/2024 16:22:03,06/04/2024 23:52:59,20
19864,99,257.55,0,350,0,20,05/31/2024 21:12:35,06/04/2024 23:52:59,7
18356,99,0,25741.15,0,36000,0,05/27/2024 15:25:09,06/04/2024 23:52:59,2
18355,99,0,22016.95,0,17000,5,06/02/2024 22:53:54,06/04/2024 23:52:59,5
19883,99,141.27272,863.44446,160,699,11,06/04/2024 15:37:52,06/04/2024 23:52:59,6
19870,99,257.65,0,219,0,20,06/04/2024 15:00:47,06/04/2024 23:52:59,3
18511,99,29885,27752.684,0,37999,2,06/01/2024 00:53:48,06/04/2024 23:52:59,4
18512,99,0,25615.5,26000,26000,0,05/26/2024 23:53:04,06/04/2024 23:52:59,5
19884,99,315.36365,508.1111,379,0,11,06/03/2024 12:51:18,06/04/2024 23:52:59,14
19867,99,539.75,0,99,0,0,05/23/2024 14:47:53,06/04/2024 23:52:59,10
18667,99,0,18038.2,0,11000,4,06/02/2024 17:59:30,06/04/2024 23:52:59,6
18668,99,0,31336,0,29985,3,06/02/2024 16:12:23,06/04/2024 23:52:59,3
19888,99,3000,4131.579,0,3000,16,06/04/2024 08:40:54,06/04/2024 23:52:59,2
19907,99,330.05,0,297,0,20,06/04/2024 19:07:03,06/04/2024 23:52:59,10
19913,99,258.25,0,150,0,13,06/02/2024 22:23:20,06/04/2024 23:52:59,20
20013,99,1028.6,0,679,0,8,06/04/2024 11:59:42,06/04/2024 23:52:59,16
20012,99,70.53333,48.6,69,0,0,09/05/2023 16:46:31,06/04/2024 23:52:59,1
19890,99,0,4085,4083,2000,7,06/03/2024 14:15:48,06/04/2024 23:52:59,11
19915,99,527.5,0,266,0,3,05/31/2024 18:20:25,06/04/2024 23:52:59,17
19886,99,0,3240,0,2000,11,06/03/2024 17:18:57,06/04/2024 23:52:59,2
19911,99,278.2,0,475,0,2,05/29/2024 22:01:40,06/04/2024 23:52:59,5
19887,99,0,4380,0,2500,9,06/03/2024 16:21:09,06/04/2024 23:52:59,4
19912,99,95.5,0,97,0,7,06/04/2024 11:59:25,06/04/2024 23:52:59,5
19889,99,0,2463.3,1800,2300,20,06/04/2024 01:02:38,06/04/2024 23:52:59,16
19914,99,919.6,0,393,0,5,05/31/2024 04:01:49,06/04/2024 23:52:59,12
23167,99,241.83333,387.14285,800,450,20,06/04/2024 10:28:22,06/04/2024 23:52:59,6
23168,99,0,1429.15,1000,1467,20,06/04/2024 16:26:10,06/04/2024 23:52:59,20
19841,99,320.9091,660.7778,150,373,20,06/04/2024 19:59:48,06/04/2024 23:52:59,14
19868,99,471.9,0,440,0,6,06/02/2024 16:59:09,06/04/2024 23:52:59,5
19808,99,0,5093.95,2975,5188,4,06/01/2024 20:33:26,06/04/2024 23:52:59,20
4850,99,1,14.176471,9,100,20,06/03/2024 20:27:25,06/04/2024 23:52:59,16
5516,99,60.6,0,1,0,9,06/03/2024 14:36:25,06/04/2024 23:52:59,9
12889,99,225.35,0,4000,0,20,06/02/2024 10:03:20,06/04/2024 23:52:59,12
19811,99,1689.5,3337.7,24,3000,5,06/04/2024 11:57:26,06/04/2024 23:52:59,7
19877,99,18.5,0,4,0,20,06/04/2024 15:22:13,06/04/2024 23:52:59,13
4753,99,111.05,0,69,0,16,06/04/2024 09:35:53,06/04/2024 23:52:59,11
4842,99,23.8,0,20,0,15,06/03/2024 10:10:21,06/04/2024 23:53:00,15
4806,99,169.25,0,300,0,10,06/04/2024 06:50:01,06/04/2024 23:53:00,9
19848,99,750,936.17645,750,699,10,06/04/2024 19:58:57,06/04/2024 23:53:00,10
19881,99,536.25,0,585,0,3,05/30/2024 12:27:08,06/04/2024 23:53:00,19
19828,99,0,2497.5,2000,2500,1,05/29/2024 19:40:51,06/04/2024 23:53:00,4
20050,99,758.8,0,399,0,6,05/30/2024 14:21:02,06/04/2024 23:53:00,11
19838,99,750,6312.316,3000,3827,0,05/28/2024 12:34:08,06/04/2024 23:53:00,2
19850,99,230.95,0,80,0,8,06/01/2024 20:48:50,06/04/2024 23:53:00,5
12905,99,326.25,0,298,0,6,06/02/2024 13:55:35,06/04/2024 23:53:00,9
12878,99,1561.7,0,600,0,15,06/04/2024 09:09:55,06/04/2024 23:53:00,12
12883,99,355.8,0,390,0,13,06/04/2024 14:24:07,06/04/2024 23:53:00,20
19809,99,1400,3405.111,1300,2000,2,06/01/2024 01:17:12,06/04/2024 23:53:00,3
4846,99,147.4,0,144,0,20,06/02/2024 17:20:31,06/04/2024 23:53:00,20
19822,99,354.8,7207.8,300,8888,3,06/02/2024 17:21:46,06/04/2024 23:53:00,8
20174,99,1299.95,0,0,0,0,05/23/2024 05:24:37,06/04/2024 23:53:00,0
12906,99,804.85,0,2000,0,5,06/02/2024 10:56:53,06/04/2024 23:53:00,2
19845,99,1358.75,0,999,0,2,06/01/2024 08:12:52,06/04/2024 23:53:00,1
19816,99,5000,8869.588,0,11111,1,05/29/2024 12:22:10,06/04/2024 23:53:00,1
4864,99,575.25,0,195,0,2,05/30/2024 14:32:47,06/04/2024 23:53:00,10
19861,99,328.4,0,164,0,11,06/04/2024 10:12:02,06/04/2024 23:53:00,9
19879,99,169,0,90,0,3,05/31/2024 06:10:15,06/04/2024 23:53:00,3
19842,99,137.375,366.08334,150,90,1,06/01/2024 01:06:45,06/04/2024 23:53:00,18
19862,99,114,0,2,0,0,04/25/2024 14:56:05,06/04/2024 23:53:00,9
19844,99,301.625,384,350,374,11,06/02/2024 16:28:47,06/04/2024 23:53:00,20
19833,99,0,15251.2,99999,14999,0,05/28/2024 19:49:44,06/04/2024 23:53:00,4
20176,99,271.5,0,98,0,2,05/31/2024 19:35:13,06/04/2024 23:53:00,7
19834,99,0,927.25,8000,1500,13,06/03/2024 15:04:10,06/04/2024 23:53:00,2
12907,99,1428.15,0,1400,0,1,06/01/2024 01:07:03,06/04/2024 23:53:00,2
19859,99,283.7,0,271,0,1,06/01/2024 01:06:19,06/04/2024 23:53:00,4
19843,99,369.4,755.3333,699,702,13,06/04/2024 15:23:13,06/04/2024 23:53:00,10
19849,99,810.75,0,100002,0,4,06/01/2024 16:35:56,06/04/2024 23:53:00,1
4819,99,71.45,0,60,0,5,06/01/2024 13:26:08,06/04/2024 23:53:00,3
19817,99,328.30768,5970.4287,1989,3000,4,06/01/2024 19:23:45,06/04/2024 23:53:00,9
19873,99,3.65,0,1,0,5,06/01/2024 18:48:48,06/04/2024 23:53:00,20
4785,99,151.95,0,299,0,11,06/03/2024 19:12:19,06/04/2024 23:53:00,6
4830,99,137.2,0,150,0,17,06/04/2024 04:35:35,06/04/2024 23:53:00,4
19825,99,7000,5464.294,0,8999,1,05/30/2024 23:27:58,06/04/2024 23:53:00,3
20191,99,354.8,0,500,0,0,05/28/2024 19:00:37,06/04/2024 23:53:00,7
19831,99,1000,4641.421,0,3999,9,06/03/2024 10:49:28,06/04/2024 23:53:00,2
19874,99,1.75,0,3,0,8,05/31/2024 21:46:05,06/04/2024 23:53:00,20
19860,99,29.95,0,13,0,3,05/31/2024 20:33:17,06/04/2024 23:53:00,14
19865,99,104.3,0,6,0,6,06/04/2024 15:22:39,06/04/2024 23:53:00,20
19863,99,183.55,0,1005,0,12,06/04/2024 19:06:52,06/04/2024 23:53:00,2
19858,99,151.65,0,69,0,3,05/31/2024 20:33:45,06/04/2024 23:53:00,15
19839,99,281.5,461,83,500,13,06/02/2024 04:22:10,06/04/2024 23:53:00,8
19866,99,342.15,0,195,0,0,05/24/2024 15:59:18,06/04/2024 23:53:00,7
19832,99,4999,5022.421,0,9500,3,06/03/2024 21:55:37,06/04/2024 23:53:00,2
19855,99,196.45,0,79,0,4,06/04/2024 03:29:55,06/04/2024 23:53:00,8
19826,99,300.2857,1706.4615,250,4000,20,06/02/2024 20:49:10,06/04/2024 23:53:00,4
20187,99,483.6,0,337,0,5,05/31/2024 23:38:57,06/04/2024 23:53:01,13
20179,99,2732.35,0,10000,0,2,05/31/2024 23:43:52,06/04/2024 23:53:01,1
19837,99,116.6,2799.1,495,2999,1,06/03/2024 17:46:43,06/04/2024 23:53:01,4
19835,99,0,12354.75,0,15998,1,06/01/2024 10:27:14,06/04/2024 23:53:01,2
20203,99,496.45,0,0,0,1,05/30/2024 14:17:58,06/04/2024 23:53:01,0
20171,99,6071.15,0,0,0,5,06/01/2024 10:09:15,06/04/2024 23:53:01,0
19813,99,2499.5,4616.5557,26,3500,3,06/03/2024 20:28:36,06/04/2024 23:53:01,4
4844,99,679.95,0,200,0,17,06/04/2024 20:06:36,06/04/2024 23:53:01,16
19878,99,185.5,0,145,0,20,06/04/2024 18:26:10,06/04/2024 23:53:01,20
19820,99,0,9477.9,3000,9800,4,06/01/2024 10:30:20,06/04/2024 23:53:01,4
20208,99,3431.75,0,3000,0,2,05/30/2024 19:06:24,06/04/2024 23:53:01,2
19823,99,4324.75,11459.375,1000,17500,0,05/07/2024 08:20:41,06/04/2024 23:53:01,8
20199,99,330.5,0,100,0,0,05/23/2024 05:26:48,06/04/2024 23:53:01,7
19880,99,84.35,0,60,0,0,05/27/2024 15:10:17,06/04/2024 23:53:01,10
19857,99,88.65,0,23,0,6,06/04/2024 21:07:59,06/04/2024 23:53:01,9
19821,99,1359.375,5900.8335,2398,0,8,06/04/2024 16:35:56,06/04/2024 23:53:01,3
20209,99,252.5,0,2000,0,2,05/31/2024 19:34:14,06/04/2024 23:53:01,2
19807,99,406.125,8585.417,4000,2480,2,06/02/2024 14:18:25,06/04/2024 23:53:01,4
4828,99,242.95,0,0,0,20,06/04/2024 15:17:50,06/04/2024 23:53:01,0
19819,99,6332,11149.167,0,18929,2,05/30/2024 21:34:40,06/04/2024 23:53:01,12
19875,99,11.25,0,9,0,18,06/01/2024 09:38:22,06/04/2024 23:53:01,20
4838,99,112.35,0,41,0,2,06/01/2024 11:32:20,06/04/2024 23:53:01,10
12971,99,970.75,0,0,0,6,05/29/2024 03:08:18,06/04/2024 23:53:01,0
19829,99,2123.6,5226.4,0,0,2,06/01/2024 19:19:18,06/04/2024 23:53:01,0
19854,99,223.95,0,143,0,13,06/03/2024 19:03:02,06/04/2024 23:53:01,16
19814,99,0,6182.75,14500,6000,8,06/02/2024 06:22:43,06/04/2024 23:53:01,4
19824,99,0,15581.75,0,0,6,06/02/2024 14:23:05,06/04/2024 23:53:01,0
20038,99,5044.85,0,6999,0,1,05/30/2024 14:14:26,06/04/2024 23:53:01,6
19827,99,8236.5,17958.643,9000,8000,2,06/02/2024 14:59:47,06/04/2024 23:53:01,6
20218,99,376.4,0,698,0,3,05/30/2024 22:59:19,06/04/2024 23:53:01,17
19830,99,789.6667,2018.0714,2500,4000,15,06/01/2024 20:11:25,06/04/2024 23:53:01,6
4792,99,49.6,0,29,0,13,06/03/2024 20:30:13,06/04/2024 23:53:01,11
19815,99,548,2124,1,1800,0,05/12/2024 18:51:02,06/04/2024 23:53:01,12
20225,99,2267.9,0,3707,0,2,05/31/2024 23:33:38,06/04/2024 23:53:01,1
20226,99,109.55,0,100,0,3,05/31/2024 23:33:57,06/04/2024 23:53:01,8
19812,99,1630.7142,2174,26,400,0,05/24/2024 17:11:21,06/04/2024 23:53:01,6
4863,99,112.55556,140.54546,250,200,15,06/04/2024 13:39:16,06/04/2024 23:53:01,18
5551,99,13.3,0,5,0,14,06/04/2024 15:04:43,06/04/2024 23:53:01,20
4935,99,946.6,0,50,0,5,06/02/2024 11:50:36,06/04/2024 23:53:01,9
19852,99,24.45,0,2,0,0,05/14/2024 18:20:45,06/04/2024 23:53:01,14
21792,99,564994.6,0,950000,0,9,06/02/2024 12:28:30,06/05/2024 03:09:21,5
7606,99,4820.154,4942.4287,4095,4000,20,06/04/2024 18:36:43,06/05/2024 03:09:21,20
7596,99,1535.05,0,1290,0,17,06/02/2024 14:15:43,06/05/2024 03:09:21,15
7590,99,289.35,0,340,0,20,06/03/2024 13:56:11,06/05/2024 03:09:21,20
15,99,19.55,0,19,0,20,06/04/2024 10:24:25,06/05/2024 03:09:21,20
7023,99,1484.1,1365.2,1975,1974,20,06/04/2024 15:31:51,06/05/2024 03:09:21,6
3,99,68.45,0,67,0,20,06/04/2024 21:32:35,06/05/2024 03:09:21,20
7022,99,1916.9286,1171.8334,999,999,20,06/04/2024 10:36:35,06/05/2024 03:09:21,10
5058,99,411.3846,351.57144,399,399,20,06/05/2024 01:32:54,06/05/2024 03:09:21,12
5528,99,269.6,0,225,0,20,06/04/2024 18:53:26,06/05/2024 03:09:21,9
5060,99,3068.4614,3109.4285,3749,3699,20,06/04/2024 22:20:27,06/05/2024 03:09:21,20
5530,99,189.4,0,159,0,20,06/04/2024 19:33:02,06/05/2024 03:09:21,20
5099,99,719.6,706.4,750,0,20,06/05/2024 00:40:29,06/05/2024 03:09:21,7
5093,99,740.0625,663,699,0,20,06/04/2024 19:08:16,06/05/2024 03:09:21,8
21793,99,575994.6,0,999899,0,9,06/03/2024 08:36:33,06/05/2024 03:09:21,3
7018,99,633,2407.0715,200,200,20,06/04/2024 09:34:08,06/05/2024 03:09:21,7
5057,99,80.15385,64.57143,1,52,20,06/05/2024 00:21:19,06/05/2024 03:09:21,20
5379,99,12834.25,10812,7000,5999,20,06/04/2024 16:00:43,06/05/2024 03:09:21,20
5378,99,1400.5,1530.5,1599,1798,20,06/04/2024 19:21:14,06/05/2024 03:09:21,20
5395,99,533.05,0,599,0,20,06/04/2024 13:11:00,06/05/2024 03:09:21,18
5532,99,455.15,0,348,0,20,06/04/2024 17:19:22,06/05/2024 03:09:21,20
5094,99,1632.5,1535.3334,686,750,20,06/04/2024 15:25:00,06/05/2024 03:09:21,20
5092,99,249.8,270.6,178,0,20,06/04/2024 22:03:21,06/05/2024 03:09:21,10
21794,99,529499.56,0,650000,0,13,06/04/2024 16:46:34,06/05/2024 03:09:21,11
5366,99,884.9231,841.8571,248,250,20,06/04/2024 19:57:44,06/05/2024 03:09:21,20
5384,99,142.05,0,116,0,20,06/04/2024 19:43:59,06/05/2024 03:09:21,10
5067,99,113.29412,130.66667,50,76,20,06/04/2024 19:57:21,06/05/2024 03:09:21,20
5119,99,264,0,400,0,20,06/04/2024 11:24:54,06/05/2024 03:09:21,8
5505,99,2222.4546,2698.889,1900,2400,20,06/04/2024 22:50:13,06/05/2024 03:09:21,16
5436,99,822.6,0,379,0,20,06/05/2024 00:03:35,06/05/2024 03:09:21,20
5371,99,372.16666,420.625,398,500,20,06/04/2024 20:18:22,06/05/2024 03:09:21,20
5388,99,339.45,0,340,0,20,06/04/2024 20:17:32,06/05/2024 03:09:21,20
5079,99,2636,5269,2500,0,20,06/05/2024 01:32:04,06/05/2024 03:09:21,5
21795,99,541999.75,0,999899,0,11,06/03/2024 22:07:05,06/05/2024 03:09:21,4
10157,99,1991826.8,0,0,0,0,05/27/2024 13:33:24,06/05/2024 03:09:21,0
12913,99,7024.2354,6500,8000,7000,11,06/03/2024 00:42:24,06/05/2024 03:09:21,20
12224,99,318,362.16666,98,249,20,06/05/2024 00:06:25,06/05/2024 03:09:21,20
17,99,122.15,0,125,0,20,06/04/2024 21:42:24,06/05/2024 03:09:21,19
10163,99,1046250.5,0,0,0,0,05/27/2024 13:33:34,06/05/2024 03:09:21,0
10169,99,944796.06,0,0,0,0,05/14/2024 12:20:10,06/05/2024 03:09:21,0
10175,99,1117034.2,0,1900000,0,0,02/15/2024 21:13:02,06/05/2024 03:09:21,1
10158,99,988349.1,0,1250000,0,0,05/13/2024 07:42:21,06/05/2024 03:09:21,2
12231,99,3313.5,3142,3000,4000,8,06/02/2024 17:43:41,06/05/2024 03:09:21,6
12220,99,64.2,0,20,20,20,06/04/2024 15:06:36,06/05/2024 03:09:21,20
5501,99,246.9,0,199,0,20,06/05/2024 00:01:06,06/05/2024 03:09:21,20
5506,99,3156.2856,5961.154,3500,3500,20,06/05/2024 00:46:55,06/05/2024 03:09:21,9
12635,99,444.3,0,555,0,20,06/04/2024 20:52:04,06/05/2024 03:09:21,2
5558,99,536.15,0,798,0,20,06/04/2024 15:43:40,06/05/2024 03:09:21,8
7019,99,458.85715,513.8333,500,400,6,06/01/2024 23:19:44,06/05/2024 03:09:21,8
5287,99,8665.333,9192.143,333333340,13499,13,06/04/2024 08:26:06,06/05/2024 03:09:21,9
5314,99,5946.55,0,8000,0,20,06/03/2024 03:01:48,06/05/2024 03:09:23,14
5525,99,533.8,0,449,0,20,06/04/2024 22:57:37,06/05/2024 03:09:23,15
5373,99,235.21428,381.16666,400,394,20,06/04/2024 23:52:58,06/05/2024 03:09:23,11
5073,99,855.1539,1376.7142,700,3500,20,06/04/2024 20:56:47,06/05/2024 03:09:23,7
10164,99,1903491.8,0,1998000,0,0,05/21/2024 07:34:57,06/05/2024 03:09:23,6
12563,99,2762.4614,2857.8572,2499,2999,20,06/04/2024 22:39:55,06/05/2024 03:09:23,20
12569,99,562.05,0,490,0,20,06/04/2024 21:01:07,06/05/2024 03:09:23,16
12882,99,1086.15,0,1100,0,20,06/04/2024 22:27:54,06/05/2024 03:09:23,8
5095,99,2639.2354,3716.3333,2399,2690,18,06/01/2024 15:14:50,06/05/2024 03:09:23,20
10170,99,2131099.8,0,1730000,0,0,05/21/2024 07:34:44,06/05/2024 03:09:23,4
12519,99,1878.0714,1349.3334,3000,3000,20,06/04/2024 23:12:26,06/05/2024 03:09:23,20
12534,99,326.45,0,125,0,20,06/04/2024 15:12:53,06/05/2024 03:09:23,20
5075,99,3942.3,4903.3,6902,9003,20,06/03/2024 13:30:45,06/05/2024 03:09:23,9
10176,99,1350502.2,0,1100000,0,0,05/22/2024 20:00:44,06/05/2024 03:09:23,1
7607,99,3370.4,3219.8,4793,3500,20,06/05/2024 00:09:33,06/05/2024 03:09:23,20
7597,99,1348.8,0,1000,0,18,06/04/2024 11:36:11,06/05/2024 03:09:23,20
7588,99,49.9,0,80,0,20,06/04/2024 11:35:55,06/05/2024 03:09:23,20
